INSERT INTO profile (id, profilename, is_administrator, can_upload) VALUES(1,'administrator', true, true);
INSERT INTO profile (id, profilename, is_administrator, can_upload) VALUES(2,'upload', false, true);
INSERT INTO profile (id, profilename, is_administrator, can_upload) VALUES(3,'guest', false, false);
INSERT INTO "user" (username, "password", active, email, confirmed_at, profile_id) VALUES('administrator','$2b$12$lIsSzAZE39Zu2S3cRYTxM.aNE9LbC5JNsIOj8wXcYLdOg6fr6Pemy'::character varying, true, 'assismauro@hotmail.com', now(), 1);
INSERT INTO "user" (username, "password", active, email, confirmed_at, profile_id) VALUES('jordi','$2b$12$lIsSzAZE39Zu2S3cRYTxM.aNE9LbC5JNsIOj8wXcYLdOg6fr6Pemy'::character varying, true, 'j.garcia@ctfc.es', now(), 1);
INSERT INTO "user" (username, "password", active, email, confirmed_at, profile_id) VALUES('albert','$2b$12$lIsSzAZE39Zu2S3cRYTxM.aNE9LbC5JNsIOj8wXcYLdOg6fr6Pemy'::character varying, true, 'albert.sanahuja@ctfc.cat', now(), 1);

insert into formacio_habitat (id,nom) values ('1','Avetoses');
insert into formacio_habitat (id,nom) values ('2','Altres boscos mixtos dominats per l''avet');
insert into formacio_habitat (id,nom) values ('3','Boscos mixtos d''avet i faig');
insert into formacio_habitat (id,nom) values ('4','...');
insert into tipus_actuacio (id,nom) values ('1','Aprofitaments i millora silvícola');
insert into tipus_actuacio (id,nom) values ('2','Gestió del Suro');
insert into tipus_actuacio (id,nom) values ('3','Aprof i mill danys/catàstrofes natura');
insert into tipus_actuacio (id,nom) values ('4','Actuacions de millora forestal');
insert into tipus_actuacio (id,nom) values ('5','Aprofitaments no fusters');
insert into tipus_actuacio (id,nom) values ('6','Plantacions i sembres');
insert into tipus_actuacio (id,nom) values ('7','Infrastructures viàries');
insert into tipus_actuacio (id,nom) values ('8','Infraestructures de prevenció d''incendis');
insert into tipus_actuacio (id,nom) values ('9','Canvi d''ús');
insert into tipus_actuacio (id,nom) values ('10','Infrastructures gestió ramadera');
insert into tipus_actuacio (id,nom) values ('11','Infraestructures ús públic');
insert into tipus_actuacio (id,nom) values ('12','Infraestructures protecció física');
insert into tipus_actuacio (id,nom) values ('13','Infraestructures d''hàbitats i poblaments');
insert into actuacions_ptgmf (id,nom,altre) values(1,'Aclarida de plançoneda','S');
insert into actuacions_ptgmf (id,nom,altre) values(2,'Aclarida de millora','S');
insert into actuacions_ptgmf (id,nom,altre) values(7,'Tallada selectiva','S');
insert into actuacions_ptgmf (id,nom,altre) values(3,'Tallada preparatòria','S');
insert into actuacions_ptgmf (id,nom,altre) values(4,'Tallada aclaratòria','S');
insert into actuacions_ptgmf (id,nom,altre) values(5,'Tallada disseminatòria','S');
insert into actuacions_ptgmf (id,nom,altre) values(6,'Tallada final','S');
insert into actuacions_ptgmf (id,nom,altre) values(61,'Tallada arreu','S');
insert into actuacions_ptgmf (id,nom,altre) values(48,'Tallada de manteniment d''infraestructures i elements singulars','S');
insert into actuacions_ptgmf (id,nom,altre) values(10,'Desarrelament d''arbres i arbustos','S');
insert into actuacions_ptgmf (id,nom,altre) values(41,'Aprofitament de llenya per consum propi','S');
insert into actuacions_ptgmf (id,nom,altre) values(27,'Adevesament','S');
insert into actuacions_ptgmf (id,nom,altre) values(11,'Lleva de suro','S');
insert into actuacions_ptgmf (id,nom,altre) values(12,'Espelegrinatge','S');
insert into actuacions_ptgmf (id,nom,altre) values(31,'Ratllat suro','N');
insert into actuacions_ptgmf (id,nom,altre) values(32,'Tractaments fitosanitaris','N');
insert into actuacions_ptgmf (id,nom,altre) values(8,'Tallada sanitària','S');
insert into actuacions_ptgmf (id,nom,altre) values(9,'Tallada de vegetació afectada per nevades','S');
insert into actuacions_ptgmf (id,nom,altre) values(47,'Tallada de vegetació afectada per incendi','S');
insert into actuacions_ptgmf (id,nom,altre) values(62,'Tallada de vegetació per bufarull','S');
insert into actuacions_ptgmf (id,nom,altre) values(63,'Tallada de vegetació per sequera','S');
insert into actuacions_ptgmf (id,nom,altre) values(66,'Tallada de vegetació afectada per pedregada','S');
insert into actuacions_ptgmf (id,nom,altre) values(18,'Selecció de tanys sense aprofitament comercial','N');
insert into actuacions_ptgmf (id,nom,altre) values(19,'Acordonat i trossejat de restes d''incendis','N');
insert into actuacions_ptgmf (id,nom,altre) values(33,'Estassades','N');
insert into actuacions_ptgmf (id,nom,altre) values(36,'Eliminació de restes','N');
insert into actuacions_ptgmf (id,nom,altre) values(37,'Podes de formació','N');
insert into actuacions_ptgmf (id,nom,altre) values(38,'Podes de fructificació','N');
insert into actuacions_ptgmf (id,nom,altre) values(39,'Podes baixes','N');
insert into actuacions_ptgmf (id,nom,altre) values(40,'Podes altes','N');
insert into actuacions_ptgmf (id,nom,altre) values(70,'Recol·lecció de pinyes','*S');
insert into actuacions_ptgmf (id,nom,altre) values(71,'Recol·lecció de tòfones','*S');
insert into actuacions_ptgmf (id,nom,altre) values(72,'Recol·lecció de castanyes','*S');
insert into actuacions_ptgmf (id,nom,altre) values(73,'Recol·lecció de molsa','*S');
insert into actuacions_ptgmf (id,nom,altre) values(74,'Recol·lecció de bolets','*S');
insert into actuacions_ptgmf (id,nom,altre) values(75,'Recol·lecció d''espècies aromàtiques','*S');
insert into actuacions_ptgmf (id,nom,altre) values(76,'Recol·lecció de verd nadalenc','*S');
insert into actuacions_ptgmf (id,nom,altre) values(14,'Reforestació per plantació','S');
insert into actuacions_ptgmf (id,nom,altre) values(15,'Reforestació per sembra','S');
insert into actuacions_ptgmf (id,nom,altre) values(16,'Aforestació per plantació','S');
insert into actuacions_ptgmf (id,nom,altre) values(17,'Aforestació per sembra','S');
insert into actuacions_ptgmf (id,nom,altre) values(29,'Reposició fallides','N');
insert into actuacions_ptgmf (id,nom,altre) values(30,'Manteniment de les reforestacions/aforestacions','');
insert into llistat_actuacions (id,nom,tipus_actuacio,actuacions_ptgmf_id) values(1,'Tallada preparatòria',1,3);
insert into llistat_actuacions (id,nom,tipus_actuacio,actuacions_ptgmf_id) values(2,'Tallada disseminatòria',1,5);
insert into llistat_actuacions (id,nom,tipus_actuacio,actuacions_ptgmf_id) values(3,'Tallada final',1,6);
insert into llistat_actuacions (id,nom,tipus_actuacio,actuacions_ptgmf_id) values(4,'Tallada aclaratòria',1,4);
insert into llistat_actuacions (id,nom,tipus_actuacio,actuacions_ptgmf_id) values(5,'Tallada arreu',1,61);
insert into llistat_actuacions (id,nom,tipus_actuacio,actuacions_ptgmf_id) values(6,'Aclarida de plançonada',1,1);
insert into llistat_actuacions (id,nom,tipus_actuacio,actuacions_ptgmf_id) values(7,'Aclarida baixa',1,2);
insert into llistat_actuacions (id,nom,tipus_actuacio,actuacions_ptgmf_id) values(8,'Aclarida alta',1,NULL);
insert into llistat_actuacions (id,nom,tipus_actuacio,actuacions_ptgmf_id) values(9,'Aclarida mixta',1,NULL);
insert into llistat_actuacions (id,nom,tipus_actuacio,actuacions_ptgmf_id) values(10,'Aclarida selectiva',1,NULL);
insert into llistat_actuacions (id,nom,tipus_actuacio,actuacions_ptgmf_id) values(11,'Tallada de selecció',1,7);
insert into llistat_actuacions (id,nom,tipus_actuacio,actuacions_ptgmf_id) values(12,'Tallada de manteniment d''infraestructures i/o elements singulars',1,48);
insert into llistat_actuacions (id,nom,tipus_actuacio,actuacions_ptgmf_id) values(13,'Desarrelament arbres i arbustos',1,10);
insert into llistat_actuacions (id,nom,tipus_actuacio,actuacions_ptgmf_id) values(14,'Eliminació plantes al·lòctones',1,NULL);
insert into llistat_actuacions (id,nom,tipus_actuacio,actuacions_ptgmf_id) values(15,'Selecció de tanys amb aprofitament comercial',1,NULL);
insert into llistat_actuacions (id,nom,tipus_actuacio,actuacions_ptgmf_id) values(16,'Adevesaments',1,27);
insert into llistat_actuacions (id,nom,tipus_actuacio,actuacions_ptgmf_id) values(17,'Construcció àrea de gestió complementària',1,NULL);
insert into llistat_actuacions (id,nom,tipus_actuacio,actuacions_ptgmf_id) values(18,'Manteniment àrea de gestió complementària',1,NULL);
insert into llistat_actuacions (id,nom,tipus_actuacio,actuacions_ptgmf_id) values(19,'Pela de suro',2,11);
insert into llistat_actuacions (id,nom,tipus_actuacio,actuacions_ptgmf_id) values(20,'Despelegrinatge de suro',2,12);
insert into llistat_actuacions (id,nom,tipus_actuacio,actuacions_ptgmf_id) values(21,'Ratllat del suro',2,31);
insert into llistat_actuacions (id,nom,tipus_actuacio,actuacions_ptgmf_id) values(22,'Tractament fitosanitari per la lleva del suro',2,NULL);
insert into llistat_actuacions (id,nom,tipus_actuacio,actuacions_ptgmf_id) values(23,'Aclarida sanitària ',3,8);
insert into llistat_actuacions (id,nom,tipus_actuacio,actuacions_ptgmf_id) values(24,'Tallada vegetació per  nevades',3,9);
insert into llistat_actuacions (id,nom,tipus_actuacio,actuacions_ptgmf_id) values(25,'Tallada vegetació per incendi',3,47);
insert into llistat_actuacions (id,nom,tipus_actuacio,actuacions_ptgmf_id) values(26,'Tallada vegetació per bufarut',3,62);
insert into llistat_actuacions (id,nom,tipus_actuacio,actuacions_ptgmf_id) values(27,'Tallada vegetació per sequera',3,63);
insert into llistat_actuacions (id,nom,tipus_actuacio,actuacions_ptgmf_id) values(28,'Tallada vegetació per pedregada',3,66);
insert into llistat_actuacions (id,nom,tipus_actuacio,actuacions_ptgmf_id) values(29,'Altres tractaments fitosanitaris',3,NULL);
insert into llistat_actuacions (id,nom,tipus_actuacio,actuacions_ptgmf_id) values(30,'Actuacions lluita biològica i inoculacions',3,NULL);
insert into llistat_actuacions (id,nom,tipus_actuacio,actuacions_ptgmf_id) values(31,'Selecció tanys s/ aprof. comercial',4,18);
insert into llistat_actuacions (id,nom,tipus_actuacio,actuacions_ptgmf_id) values(32,'Poda baixa (penetració, m. arb. futur)',4,39);
insert into llistat_actuacions (id,nom,tipus_actuacio,actuacions_ptgmf_id) values(33,'Poda alta (de formació, de qualitat)',4,40);
insert into llistat_actuacions (id,nom,tipus_actuacio,actuacions_ptgmf_id) values(34,'Estassada de sotabosc total',4,33);
insert into llistat_actuacions (id,nom,tipus_actuacio,actuacions_ptgmf_id) values(35,'Estassada de sotabosc selectiva',4,NULL);
insert into llistat_actuacions (id,nom,tipus_actuacio,actuacions_ptgmf_id) values(36,'Tractament fitosanitari',4,32);
insert into llistat_actuacions (id,nom,tipus_actuacio,actuacions_ptgmf_id) values(37,'Act. lluita biològica i inoculacions',4,NULL);
insert into llistat_actuacions (id,nom,tipus_actuacio,actuacions_ptgmf_id) values(38,'Tractament de restes in situ',4,36);
insert into llistat_actuacions (id,nom,tipus_actuacio,actuacions_ptgmf_id) values(39,'Tract. restes vegetals vora camins',4,NULL);
insert into llistat_actuacions (id,nom,tipus_actuacio,actuacions_ptgmf_id) values(40,'Altres actuacions silvícoles generals',4,NULL);
insert into llistat_actuacions (id,nom,tipus_actuacio,actuacions_ptgmf_id) values(41,'Altres actuacions silvopascícoles',4,NULL);
insert into llistat_actuacions (id,nom,tipus_actuacio,actuacions_ptgmf_id) values(42,'Tall. mant. infra. i/o elem. singulars',4,NULL);
insert into llistat_actuacions (id,nom,tipus_actuacio,actuacions_ptgmf_id) values(43,'Constr. àrea gestió complementària',4,NULL);
insert into llistat_actuacions (id,nom,tipus_actuacio,actuacions_ptgmf_id) values(44,'Pastures',5,NULL);
insert into llistat_actuacions (id,nom,tipus_actuacio,actuacions_ptgmf_id) values(45,'Caça',5,NULL);
insert into llistat_actuacions (id,nom,tipus_actuacio,actuacions_ptgmf_id) values(46,'Recol·lecció pinyes',5,70);
insert into llistat_actuacions (id,nom,tipus_actuacio,actuacions_ptgmf_id) values(47,'Recol·lecció tòfones',5,71);
insert into llistat_actuacions (id,nom,tipus_actuacio,actuacions_ptgmf_id) values(48,'Recol·lecció castanyes',5,72);
insert into llistat_actuacions (id,nom,tipus_actuacio,actuacions_ptgmf_id) values(49,'Recol·lecció molsa',5,73);
insert into llistat_actuacions (id,nom,tipus_actuacio,actuacions_ptgmf_id) values(50,'Recol·lecció bolets',5,74);
insert into llistat_actuacions (id,nom,tipus_actuacio,actuacions_ptgmf_id) values(51,'Recol·lecció plantes aromàtiques i medicinals',5,75);
insert into llistat_actuacions (id,nom,tipus_actuacio,actuacions_ptgmf_id) values(52,'Recol·lecció verd nadalenc',5,76);
insert into llistat_actuacions (id,nom,tipus_actuacio,actuacions_ptgmf_id) values(53,'Aprofitament apícola',5,NULL);
insert into llistat_actuacions (id,nom,tipus_actuacio,actuacions_ptgmf_id) values(54,'Reforestació per plantació',6,14);
insert into llistat_actuacions (id,nom,tipus_actuacio,actuacions_ptgmf_id) values(55,'Reforestació per sembra',6,15);
insert into llistat_actuacions (id,nom,tipus_actuacio,actuacions_ptgmf_id) values(56,'Aforestació per sembra',6,17);
insert into llistat_actuacions (id,nom,tipus_actuacio,actuacions_ptgmf_id) values(57,'Aforestació per plantació',6,16);
insert into llistat_actuacions (id,nom,tipus_actuacio,actuacions_ptgmf_id) values(58,'Plantació amb espècies micorizades',6,NULL);
insert into llistat_actuacions (id,nom,tipus_actuacio,actuacions_ptgmf_id) values(59,'Reposició fallidas',6,29);
insert into llistat_actuacions (id,nom,tipus_actuacio,actuacions_ptgmf_id) values(60,'Fertilitzacions',6,NULL);
insert into llistat_actuacions (id,nom,tipus_actuacio,actuacions_ptgmf_id) values(61,'Ressembres',6,NULL);
insert into llistat_actuacions (id,nom,tipus_actuacio,actuacions_ptgmf_id) values(62,'Segues de l’estrat herbaci',6,NULL);
insert into llistat_actuacions (id,nom,tipus_actuacio,actuacions_ptgmf_id) values(63,'Tancaments o protecció plantacions',6,NULL);
insert into llistat_actuacions (id,nom,tipus_actuacio,actuacions_ptgmf_id) values(64,'Manteniment reforestacions / aforestacions',6,30);
insert into llistat_actuacions (id,nom,tipus_actuacio,actuacions_ptgmf_id) values(65,'Arranjament camins rurals',7,NULL);
insert into llistat_actuacions (id,nom,tipus_actuacio,actuacions_ptgmf_id) values(66,'Construcció camins rurals',7,NULL);
insert into llistat_actuacions (id,nom,tipus_actuacio,actuacions_ptgmf_id) values(67,'Arranjament camins forestals',7,NULL);
insert into llistat_actuacions (id,nom,tipus_actuacio,actuacions_ptgmf_id) values(68,'Construcció camins forestals',7,NULL);
insert into llistat_actuacions (id,nom,tipus_actuacio,actuacions_ptgmf_id) values(69,'Arranjament pistes forestals',7,NULL);
insert into llistat_actuacions (id,nom,tipus_actuacio,actuacions_ptgmf_id) values(70,'Construcció pistes forestals',7,NULL);
insert into llistat_actuacions (id,nom,tipus_actuacio,actuacions_ptgmf_id) values(71,'Arranjament pistes desembosc',7,NULL);
insert into llistat_actuacions (id,nom,tipus_actuacio,actuacions_ptgmf_id) values(72,'Construcció pistes desembosc',7,NULL);
insert into llistat_actuacions (id,nom,tipus_actuacio,actuacions_ptgmf_id) values(73,'Instal·lació elements restricció pas',7,NULL);
insert into llistat_actuacions (id,nom,tipus_actuacio,actuacions_ptgmf_id) values(74,'Instal·lació senyalització',7,NULL);
insert into llistat_actuacions (id,nom,tipus_actuacio,actuacions_ptgmf_id) values(75,'Construcció punt d''aigua',8,NULL);
insert into llistat_actuacions (id,nom,tipus_actuacio,actuacions_ptgmf_id,codi) values(76,'Manteniment punt d''aigua',8,NULL,'LDP');
insert into llistat_actuacions (id,nom,tipus_actuacio,actuacions_ptgmf_id,codi) values(77,'Construcció àrea estratègica',8,NULL,'LDE');
insert into llistat_actuacions (id,nom,tipus_actuacio,actuacions_ptgmf_id,codi) values(78,'Manteniment àrea estratègica',8,NULL,'PAP');
insert into llistat_actuacions (id,nom,tipus_actuacio,actuacions_ptgmf_id,codi) values(79,'Construcció franja auxiliar estratègica',8,NULL,'PAE');
insert into llistat_actuacions (id,nom,tipus_actuacio,actuacions_ptgmf_id) values(80,'Manteniment franja auxiliar estratègica',8,NULL);
insert into llistat_actuacions (id,nom,tipus_actuacio,actuacions_ptgmf_id) values(81,'Construcció franja seguretat vial',8,NULL);
insert into llistat_actuacions (id,nom,tipus_actuacio,actuacions_ptgmf_id) values(82,'Manteniment franja seguretat vial',8,NULL);
insert into llistat_actuacions (id,nom,tipus_actuacio,actuacions_ptgmf_id) values(83,'Construcció àrea de seguretat',8,NULL);
insert into llistat_actuacions (id,nom,tipus_actuacio,actuacions_ptgmf_id) values(84,'Manteniment àrea de seguretat',8,NULL);
insert into llistat_actuacions (id,nom,tipus_actuacio,actuacions_ptgmf_id) values(85,'Transformació a pastures',9,NULL);
insert into llistat_actuacions (id,nom,tipus_actuacio,actuacions_ptgmf_id) values(86,'Creació espais oberts i manteniment',9,NULL);
insert into llistat_actuacions (id,nom,tipus_actuacio,actuacions_ptgmf_id) values(87,'Rompudes',9,NULL);
insert into llistat_actuacions (id,nom,tipus_actuacio,actuacions_ptgmf_id) values(88,'Instal·lació de nous tancaments',10,NULL);
insert into llistat_actuacions (id,nom,tipus_actuacio,actuacions_ptgmf_id) values(89,'Manteniment de nous tancaments',10,NULL);
insert into llistat_actuacions (id,nom,tipus_actuacio,actuacions_ptgmf_id) values(90,'Instal·lació passos canadencs',10,NULL);
insert into llistat_actuacions (id,nom,tipus_actuacio,actuacions_ptgmf_id) values(91,'Manteniment passos canadencs',10,NULL);
insert into llistat_actuacions (id,nom,tipus_actuacio,actuacions_ptgmf_id) values(92,'Instal·lació abeuradors',10,NULL);
insert into llistat_actuacions (id,nom,tipus_actuacio,actuacions_ptgmf_id) values(93,'Manteniment abeuradors',10,NULL);
insert into llistat_actuacions (id,nom,tipus_actuacio,actuacions_ptgmf_id) values(94,'Punts de suplementació',10,NULL);
insert into llistat_actuacions (id,nom,tipus_actuacio,actuacions_ptgmf_id) values(95,'Mànegues de maneig',10,NULL);
insert into llistat_actuacions (id,nom,tipus_actuacio,actuacions_ptgmf_id) values(96,'Adequació abellars',10,NULL);
insert into llistat_actuacions (id,nom,tipus_actuacio,actuacions_ptgmf_id) values(97,'Instal·lació àrees recreatives',11,NULL);
insert into llistat_actuacions (id,nom,tipus_actuacio,actuacions_ptgmf_id) values(98,'Millora àrees recreatives',11,NULL);
insert into llistat_actuacions (id,nom,tipus_actuacio,actuacions_ptgmf_id) values(99,'Obertura senders /BTT',11,NULL);
insert into llistat_actuacions (id,nom,tipus_actuacio,actuacions_ptgmf_id) values(100,'Manteniment senders /BTT',11,NULL);
insert into llistat_actuacions (id,nom,tipus_actuacio,actuacions_ptgmf_id) values(101,'Instal·lació cartells i senyals',11,NULL);
insert into llistat_actuacions (id,nom,tipus_actuacio,actuacions_ptgmf_id) values(102,'Obra civil per a restauració hidrològica',12,NULL);
insert into llistat_actuacions (id,nom,tipus_actuacio,actuacions_ptgmf_id) values(103,'Bioenginyeria per a restauració hidrològica',12,NULL);
insert into llistat_actuacions (id,nom,tipus_actuacio,actuacions_ptgmf_id) values(104,'Parallaus',12,NULL);
insert into llistat_actuacions (id,nom,tipus_actuacio,actuacions_ptgmf_id) values(105,'Inst. abeuradors/punts alimentació fauna',13,NULL);
insert into llistat_actuacions (id,nom,tipus_actuacio,actuacions_ptgmf_id) values(106,'Instal·lació canyets',13,NULL);
insert into llistat_actuacions (id,nom,tipus_actuacio,actuacions_ptgmf_id) values(107,'Instal·lació cartells i senyals',13,NULL);
insert into llistat_actuacions (id,nom,tipus_actuacio,actuacions_ptgmf_id) values(108,'Aprofitament de llenya per consum propi',5,41);
insert into llistat_actuacions (id,nom,tipus_actuacio,actuacions_ptgmf_id) values(110,'Acordonat i trossejat de restes d''incendis',4,19);
insert into llistat_actuacions (id,nom,tipus_actuacio,actuacions_ptgmf_id) values(111,'Podes de fructificació',4,38);
insert into llistat_actuacions (id,nom,tipus_actuacio,actuacions_ptgmf_id) values(112,'Podes de formació',4,37);
insert into tipus_afectacio_legal (id,nom,nom_extens) values ('1','ATE','Atermenament');
insert into tipus_afectacio_legal (id,nom,nom_extens) values ('2','CON','Concessió');
insert into tipus_afectacio_legal (id,nom,nom_extens) values ('101','Cons','Consorci');
insert into tipus_afectacio_legal (id,nom,nom_extens) values ('100','Conv','Conveni');
insert into tipus_afectacio_legal (id,nom,nom_extens) values ('5','FITA','Fitament');
insert into tipus_afectacio_legal (id,nom,nom_extens) values ('6','IOF','IOF anteriors');
insert into tipus_afectacio_legal (id,nom,nom_extens) values ('7','OCU','Ocupació');
insert into tipus_afectacio_legal (id,nom,nom_extens) values ('8','PPP','PPP (Perímetres de protecció prioritària)');
insert into tipus_afectacio_legal (id,nom,nom_extens) values ('9','PREA','PREA (Pla recuperació espècies amenaçades)');
insert into tipus_afectacio_legal (id,nom,nom_extens) values ('10','RF','RF (Reserva Forestal)');
insert into tipus_afectacio_legal (id,nom,nom_extens) values ('11','RNC','RNC (Reserves nacionals de caça)');
insert into tipus_afectacio_legal (id,nom,nom_extens) values ('12','SER','Servitud');
insert into tipus_afectacio_legal (id,nom,nom_extens) values ('13','UP','UP (Espais catalogats d''utilitat pública)');
insert into tipus_afectacio_legal (id,nom,nom_extens) values ('14','USOSC','Usos i costums');
insert into tipus_afectacio_legal (id,nom,nom_extens) values ('15','ViesP','Vies Pecuàries');
insert into tipus_afectacio_legal (id,nom,nom_extens) values ('102','Altres','Altres');
insert into tipus_de_bestiar (id,tipus) values ('1','Vacú');
insert into tipus_de_bestiar (id,tipus) values ('2','Obí');
insert into tipus_de_bestiar (id,tipus) values ('3','Cabrum');
insert into tipus_de_bestiar (id,tipus) values ('4','Altres');
insert into tipus_qualificacio_especial (id,inicials,nom) values (1,'ENPE','Espai Natural Protecció Especial');
insert into tipus_qualificacio_especial (id,inicials,nom) values (2,'PEIN-PE',' Espai d''interes com. i zones esp. prot.' );
insert into tipus_qualificacio_especial (id,inicials,nom) values (3,'PEIN','Espai d''interès natural s/ pla especial');
insert into tipus_qualificacio_especial (id,inicials,nom) values (4,'RF','Reserva Florestal');
insert into tipus_qualificacio_especial (id,inicials,nom) values (5,'LU','Espais protegits per la Legislaci');
insert into tipus_qualificacio_especial (id,inicials) values (9,'PREA');
insert into tipus_qualificacio_especial (id,inicials) values (10,'ZAU');
--insert into tipus_qualificacio_especial (id,inicials) values (11,'RNC');
insert into tipus_qualificacio_especial (id,inicials) values (11,'LIC-ZEPA');
insert into tipus_qualificacio_especial (id,inicials) values (12,'UP');
--insert into tipus_qualificacio_especial (id,inicials) values (12,'ZEPA');
insert into tipus_qualificacio_especial (id,inicials) values (13,'LIC');
insert into tipus_qualificacio_especial (id,inicials) values (14,'PPP');
--insert into tipus_qualificacio_especial (id,inicials) values (14,'ZCC');
insert into tipus_qualificacio_especial (id,inicials,nom) values (15,'BS','Boscos singulars');

INSERT INTO especie_principal (id, nom, rmges_orgest) VALUES (0, '-', 'N');
INSERT INTO especie_principal (id, nom, rmges_orgest) VALUES (1, 'Abies alba', 'N');
INSERT INTO especie_principal (id, nom, rmges_orgest) VALUES (2, 'Pinus uncinata', 'S');
INSERT INTO especie_principal (id, nom, rmges_orgest) VALUES (3, 'Pinus sylvestris', 'S');
INSERT INTO especie_principal (id, nom, rmges_orgest) VALUES (4, 'Pinus nigra', 'S');
INSERT INTO especie_principal (id, nom, rmges_orgest) VALUES (5, 'Pinus halepensis', 'S');
INSERT INTO especie_principal (id, nom, rmges_orgest) VALUES (6, 'Pinus pinea', 'S');
INSERT INTO especie_principal (id, nom, rmges_orgest) VALUES (7, 'Quercus humilis', 'S');
INSERT INTO especie_principal (id, nom, rmges_orgest) VALUES (8, 'Quercus ilex ilex', 'S');
INSERT INTO especie_principal (id, nom, rmges_orgest) VALUES (9, 'Quercus ilex ballota', 'S');
INSERT INTO especie_principal (id, nom, rmges_orgest) VALUES (10, 'Quercus suber', 'S');
INSERT INTO especie_principal (id, nom, rmges_orgest) VALUES (11, 'Quercus faginea', 'S');
INSERT INTO especie_principal (id, nom, rmges_orgest) VALUES (12, 'Quercus pyrenaica', 'S');
INSERT INTO especie_principal (id, nom, rmges_orgest) VALUES (13, 'Quercus canariensis', 'S');
INSERT INTO especie_principal (id, nom, rmges_orgest) VALUES (14, 'Quercus petraea', 'S');
INSERT INTO especie_principal (id, nom, rmges_orgest) VALUES (15, 'Quercus robur', 'S');
INSERT INTO especie_principal (id, nom, rmges_orgest) VALUES (16, 'Fagus sylvatica', 'S');
INSERT INTO especie_principal (id, nom, rmges_orgest) VALUES (17, 'Betula pendula', 'S');
INSERT INTO especie_principal (id, nom, rmges_orgest) VALUES (18, 'Fraxinus excelsior', 'S');
INSERT INTO especie_principal (id, nom, rmges_orgest) VALUES (19, 'Boscos de ribera', 'N');
INSERT INTO especie_principal (id, nom, rmges_orgest) VALUES (20, 'Castanea sativa', 'S');
INSERT INTO especie_principal (id, nom, rmges_orgest) VALUES (21, 'Altres plantacions', 'N');
INSERT INTO especie_principal (id, nom, rmges_orgest) VALUES (22, 'Altres formacions', 'N');
INSERT INTO especie_principal (id, nom, rmges_orgest) VALUES (23, 'No arbrat', 'N');
INSERT INTO especie_principal (id, nom, rmges_orgest) VALUES (30, 'Corylus avellana', 'S');
INSERT INTO especie_principal (id, nom, rmges_orgest) VALUES (31, 'Populus tremula', 'S');
INSERT INTO especie_principal (id, nom, rmges_orgest) VALUES (40, '(P) Cedrus atlantica', 'S');
INSERT INTO especie_principal (id, nom, rmges_orgest) VALUES (41, '(P) Larix sp.', 'S');
INSERT INTO especie_principal (id, nom, rmges_orgest) VALUES (42, '(P) Picea abies', 'S');
INSERT INTO especie_principal (id, nom, rmges_orgest) VALUES (43, '(P) Pseudotsuga menziesii', 'S');
INSERT INTO especie_principal (id, nom, rmges_orgest) VALUES (44, '(P) P. nigra austriaca', 'S');
INSERT INTO especie_principal (id, nom, rmges_orgest) VALUES (45, '(P) P. nigra cors./cala.', 'S');
INSERT INTO especie_principal (id, nom, rmges_orgest) VALUES (46, '(P) Pinus pinaster', 'S');
INSERT INTO especie_principal (id, nom, rmges_orgest) VALUES (47, '(P) Pinus radiata', 'S');

INSERT INTO orgest (id,acronym, descripcio, especie_principal_id) VALUES(1,'Bpe01', 'Qualitat d’estació alta. Estructura regular. Torn de tallada de 45-65 anys (Dg 30-35 cm). Règim d’aclarides selectives. Densitat final de 300-400 peus/ha. Regeneració per tallada arreu en dos temps.',17);
INSERT INTO orgest (id,acronym, descripcio, especie_principal_id) VALUES(2,'Bpe02', 'Qualitat d’estació alta. Estructura irregular amb 2 estrats (bosc mitjà irregular). Un estrat inferior regular de rebrot amb destí a llenyes i un estrat superior irregular, principalment de llavor, de bedoll i altres espècies. Rotació de 25-35 anys (Dg ~15-20 cm per a l’estrat de rebrot). Regeneració per tallada arreu amb reserva de peus de llavor de bedoll o d’altres espècies.',17);
INSERT INTO orgest (id,acronym, descripcio, especie_principal_id) VALUES(3,'Bpe03', 'Qualitat d’estació baixa. Estructura irregular amb 2 estrats (bosc mitjà irregular). Un estrat inferior regular de rebrot i un estrat superior irregular, principalment de llavor, de bedoll i altres espècies. Rotació de 25 a 35 anys (Dg ~15 cm per a l’estrat de rebrot). Regeneració per tallada arreu amb reserva de peus.',17);
INSERT INTO orgest (id,acronym, descripcio, especie_principal_id) VALUES(4,'Cs01', 'Qualitat d’estació alta. Estructura regular. Producció de fusta de serra amb Ø~30 cm. Massa originada per nova plantació. Torn de tallada al voltant de 40 anys (Dg ~30 cm). Regeneració per tallada final arreu. Opció de gestió amb bosc alt.',20);
INSERT INTO orgest (id,acronym, descripcio, especie_principal_id) VALUES(5,'Cs02', 'Qualitat d’estació alta. Estructura regular. Producció de fusta de serra amb Ø~25 cm. Torn de tallada al voltant de 35 anys (Dg ~25 cm). Selecció de tanys tardana i aclarida selectiva. Densitat final ~1 tany/soca. Regeneració per tallada final arreu. Opció de reservar peus per aconseguir un Dg ~30 cm.',20);
INSERT INTO orgest (id,acronym, descripcio, especie_principal_id) VALUES(6,'Cs03', 'Qualitat d’estació alta. Estructura regular. Producció de fusta de serra amb Ø~22 cm. Torn de tallada al voltant de 30 anys (Dg ~22 cm). Reducció de densitat en dues intervencions: selecció de tanys tardana i aclarida baixa. Densitat final ~1 tany/soca. Regeneració per tallada final arreu.',20);
INSERT INTO orgest (id,acronym, descripcio, especie_principal_id) VALUES(7,'Cs04', 'Qualitat d’estació alta. Estructura regular. Producció de barramenta.Torn de tallada al voltant de 20 anys (Dg >15 cm). Una única intervenció de millora. Densitat final ~3 tanys/soca. Regeneració per tallada final arreu.',20);
INSERT INTO orgest (id,acronym, descripcio, especie_principal_id) VALUES(8,'Cs05', 'Qualitat d’estació mitjana. Estructura regular. Producció de barramenta. Torn de tallada sobre els 28 anys (Dg >14 cm). Una única intervenció de millora. Densitat final ~3 tanys/soca. Regeneració per tallada final arreu.',20);
INSERT INTO orgest (id,acronym, descripcio, especie_principal_id) VALUES(9,'Cs06', 'Qualitat d’estació alta, mitjana o baixa. Estructura regular. Producció de fruit. Torn de tallada físic i regeneració per plantació. Pràctiques culturals anuals.',20);
INSERT INTO orgest (id,acronym, descripcio, especie_principal_id) VALUES(10,'Fs01', 'Qualitat d’estació alta. Estructura regular. Fusta de qualitat amb diàmetre final ~50 cm. Torn de tallada de 100-120 anys (Dg ~50 cm). Règim d’aclarides selectives mixtes cada 15-20 anys. Densitat final de 340 peus/ha. Regeneració per aclarida successiva en tres fases.',16);
INSERT INTO orgest (id,acronym, descripcio, especie_principal_id) VALUES(11,'Fs02', 'Qualitat d’estació alta. Estructura irregular per bosquets petits. Diàmetre màxim de 60 cm. Tallades de selecció cada 10-12 anys, amb obertures orientativament de 400 a 1.200 m2. Es manté més presència d’arbres dels grups de grandària mitjà i gran i menor del grup petit (CD 10-15: 25%% AB, CD 20-30: 35%% AB, CD =35: 40%% AB). L’àrea basal extreta màxima és del 30%%.',16);
INSERT INTO orgest (id,acronym, descripcio, especie_principal_id) VALUES(12,'Fs03', 'Qualitat d’estació mitjana. Estructura regular. Torn de tallada de 100-120 anys (Dg ~40 cm). Règim d’aclarides baixes cada 15-20 anys. Densitat final de 325 peus/ha. Regeneració per aclarida successiva en tres fases.',16);
INSERT INTO orgest (id,acronym, descripcio, especie_principal_id) VALUES(13,'Fs04', 'Qualitat d’estació mitjana. Estructura irregular per bosquets petits. Diàmetre màxim de 45 cm. Tallades de selecció cada 15-17 anys, amb obertures orientativament de 400 a 1.200 m2, i es manté més presència d’arbres del grup de grandària mitjà (CD 10-15: 30%% AB, CD 20-30: 40%% AB, CD =35: 30%% AB). L’àrea basal extreta màxima és del 33%%.',16);
INSERT INTO orgest (id,acronym, descripcio, especie_principal_id) VALUES(14,'Fs05', 'Qualitat d’estació baixa. Estructura regular. Torn de tallada de 110-135 anys (Dg ~30 cm). Règim d’aclarides baixes cada 20-25 anys. Densitat final de 595 peus/ha. Regeneració per aclarida successiva en tres fases.',16);
INSERT INTO orgest (id,acronym, descripcio, especie_principal_id) VALUES(15,'Fs06', 'Qualitat d’estació baixa. Estructura irregular per bosquets petits. Diàmetre màxim de 40 cm. Tallades de selecció cada 20-22 anys, amb obertures orientativament de 400 a 1.200 m2, i es manté més presència d’arbres dels grups de grandària mitjà i petit (CD 10-15: 35%% AB, CD 20-30: 42%% AB, CD =35: 23%% AB). L’àrea basal extreta màxima és del',16);
INSERT INTO orgest (id,acronym, descripcio, especie_principal_id) VALUES(16,'Fe01', 'Qualitat d’estació alta. Estructura regular. Silvicultura d’arbre individual. Torn de tallada al voltant dels 60 anys (no superior) anys (Dn dels arbres objectiu >50 cm). Règim d’aclarides selectives estrictes o mixtes en cas de fàcil accessibilitat. Densitat final de 80 peus/ha.',18);
INSERT INTO orgest (id,acronym, descripcio, especie_principal_id) VALUES(17,'Fe02', 'Qualitat d’estació alta. Estructura irregularitzada amb 2 estrats (bosc mitjà irregular). Un estrat inferior regular de rebrot amb destí a llenyes i un estrat superior irregular, principalment de llavor, de freixe i altres espècies. Rotació de 20-30 anys (Dg ~15-20 cm per a l’estrat de rebrot). Regeneració per tallada arreu amb reserva de peus de llavor de freixe o d’altres espècies.',18);
INSERT INTO orgest (id,acronym, descripcio, especie_principal_id) VALUES(18,'Fe03', 'Qualitat d’estació baixa. Estructura regular amb un estrat a bosc menut o irregularitzada amb 2 estrats (bosc mitjà irregular), un estrat inferior regular de rebrot amb destí a llenyes i un estrat superior irregular, principalment de llavor, de freixe i altres espècies. Rotació de 25-35 anys (Dg =15 cm per a l’estrat de rebrot). Regeneració per tallada arreu amb eventual reserva de peus de llavor de freixe o d’altres espècies.',18);
INSERT INTO orgest (id,acronym, descripcio, especie_principal_id) VALUES(19,'Qca01', 'Qualitat d’estació alta. Alt risc d’incendi. Estructura regular amb tractaments de millora (aclarides). Torn de tallada a partir de 120 anys, Dn= 50 cm. Inclou tractaments de creació de discontinuïtat vertical (estassades, podes).',13);
INSERT INTO orgest (id,acronym, descripcio, especie_principal_id) VALUES(20,'Qca02', 'Qualitat d’estació alta. Estructura irregular. Diàmetre màxim de 60 cm. Tallades de selecció cada 20 anys, per claps. L’àrea basal extreta és del 40%%.',13);
INSERT INTO orgest (id,acronym, descripcio, especie_principal_id) VALUES(21,'Qca03', 'Qualitat d’estació baixa. Alt risc d’incendi. Estructura regular amb tractaments de millora (aclarides). Torn de tallada a partir de 100 anys, Dn= 40 cm. Inclou tractaments de creació de discontinuïtat vertical (estassades, podes).',13);
INSERT INTO orgest (id,acronym, descripcio, especie_principal_id) VALUES(22,'Qf01', 'Qualitat d’estació alta. Baix i alt risc d’incendi. Estructura regular. Producció de llenyes. Torn mínim de tallada al voltant de 50 anys (Dg ~17 cm). Amb un tractament intermedi de millora (selecció de tanys). Densitat final de 1.200 peus/ha. Tallada de regeneració arreu o en dos temps.',11);
INSERT INTO orgest (id,acronym, descripcio, especie_principal_id) VALUES(23,'Qf02', 'Qualitat d’estació alta. Baix i alt risc d’incendi. Augment de la resistència al foc i producció a llarg termini. Estructura regular amb tractaments de millora (selecció de tanys i aclarides). Torn de tallada al voltant de 100 anys. En zona d’alt risc d’incendi inclou tractaments de creació de discontinuïtat vertical (estassades, podes). En zona de baix risc d’incendi únicament inclou tractaments de regulació de la densitat (selecció de tanys i aclarides).',11);
INSERT INTO orgest (id,acronym, descripcio, especie_principal_id) VALUES(24,'Qf03', 'Qualitat d’estació baixa. Baix i alt risc d’incendi. Augment de la resistència al foc i producció a llarg termini. Estructura regular amb tractaments de millora (selecció de tanys i aclarides). Torn de tallada a partir dels 70 anys i fins als 100 anys. En zona d’alt risc d’incendi inclou tractaments de creació de discontinuïtat vertical (estassades, podes). En zona de baix risc d’incendi únicament inclou tractaments de regulació de la densitat (selecció de tanys i aclarides).',11);
INSERT INTO orgest (id,acronym, descripcio, especie_principal_id) VALUES(25,'Qf04', 'Qualitat d’estació alta o baixa. Gestió estructural amb objectiu de producció de llenyes, prevenció d’incendis i ús de pastures. Estructura regularitzada amb tractaments de millora (selecció de tanys i aclarides). Torn de tallada al voltant de 100 anys. Inclou tractaments de creació de discontinuïtat vertical i millora de l’accessibilitat a pastura (estassades, podes). En zona de baix risc d’incendi únicament inclou tractaments de regulació de la densitat (selecció de tanys i aclarides).',11);
INSERT INTO orgest (id,acronym, descripcio, especie_principal_id) VALUES(26,'Qh1', 'Qualitat d’estació alta. Baix i alt risc d’incendi. Estructura regular. Producció de llenyes. Torn mínim de tallada al voltant dels 35-40 anys (Dg ~18 cm). Amb un tractament intermedi de millora (selecció de tanys). Densitat final de 1.000 peus/ha. Tallada de regeneració arreu o en dos temps.',7);
INSERT INTO orgest (id,acronym, descripcio, especie_principal_id) VALUES(27,'Qh2', 'Qualitat d’estació alta. Baix i alt risc d’incendi. Augment de la resistència al foc i producció a llarg termini. Estructura regular amb tractaments de millora (selecció de tanys i aclarides). Torn de tallada al voltant de 100 anys. En zona d’alt risc d’incendi inclou tractaments de creació de discontinuïtat vertical (estassades, podes). En zona de baix risc d’incendi únicament inclou tractaments de regulació de la densitat (selecció de tanys i aclarides).',7);
INSERT INTO orgest (id,acronym, descripcio, especie_principal_id) VALUES(28,'Qh3', 'Qualitat d’estació alta. Baix risc d’incendi. Estructura semiregular per colps o bosquets petits. Producció de llenyes amb tallades de selecció. Distribució de referència: Dmax: 20 cm; N: 500 peus/ha; AB: ~7-8 m2/ha; Fcc: 30-40%%. Tallada de selecció per colps o bosquets petits cada 25-30 anys. L’àrea basal extreta pot superar el 70%%.',7);
INSERT INTO orgest (id,acronym, descripcio, especie_principal_id) VALUES(29,'Qh4', 'Qualitat d’estació baixa. Baix i alt risc d’incendi. Estructura regular. Producció de llenyes. Torn mínim de tallada al voltant dels 50 anys (Dg ~17 cm). Amb un tractament intermedi de millora (selecció de tanys). Densitat final de 1.200 peus/ha. Tallada de regeneració arreu o en dos temps.',7);
INSERT INTO orgest (id,acronym, descripcio, especie_principal_id) VALUES(30,'Qh5', 'Qualitat d’estació alta. Augment de la resistència al foc i producció a llarg termini. Estructura regular amb tractaments de millora (selecció de tanys i aclarides). Torn de tallada al voltant de 100 anys. En zona d’alt risc d’incendi inclou tractaments de creació de discontinuïtat vertical (estassades, podes). En zona de baix risc d’incendi únicament inclou tractaments de regulació de la densitat (selecció de tanys i aclarides).',7);
INSERT INTO orgest (id,acronym, descripcio, especie_principal_id) VALUES(31,'Qh6', 'Qualitat d’estació baixa. Baix risc d’incendi. Estructura semiregular per colps o bosquets petits. Producció de llenyes amb tallades de selecció. Distribució de referència: Dmax: 20 cm; N: 500 peus/ha; AB: ~7-8 m2/ha; Fcc: 30-40%%. Tallada de selecció per colps o bosquets petits cada 40 anys. L’àrea basal extreta pot superar el 70%%.',7);
INSERT INTO orgest (id,acronym, descripcio, especie_principal_id) VALUES(32,'Qh7', 'Qualitat d’estació alta o baixa. Gestió estructural amb objectiu de producció de llenyes, prevenció d’incendis i ús de pastures. Estructura regularitzada amb tractaments de millora (selecció de tanys i aclarides). Torn de tallada al voltant de 100 anys. Inclou tractaments de creació de discontinuïtat vertical i millora de l’accessibilitat a pastura (estassades, podes). En zona de baix risc d’incendi únicament inclou tractaments de regulació de la densitat (selecció de tanys i aclarides).',7);
INSERT INTO orgest (id,acronym, descripcio, especie_principal_id) VALUES(33,'Qib01', 'Qualitat d’estació alta. Baix i alt risc d’incendi. Estructura regular. Torn de tallada al voltant de 40 anys (~16 cm). Amb un tractament intermedi de millora (selecció de tanys). Densitat final de 1.500 peus/ha. Tallada de regeneració arreu o en dos temps.',9);
INSERT INTO orgest (id,acronym, descripcio, especie_principal_id) VALUES(34,'Qib02', 'Qualitat d’estació alta. Baix i alt risc d’incendi. Estructura regular amb tractaments de millora (selecció de tanys i aclarides). Torn de tallada al voltant de 100 anys. Inclou tractaments de creació de discontinuïtat vertical (estassades, podes).',9);
INSERT INTO orgest (id,acronym, descripcio, especie_principal_id) VALUES(35,'Qib03', 'Qualitat d’estació baixa. Baix i alt risc d’incendi. Estructura regular amb tractaments de millora (selecció de tanys i aclarides). Torn de tallada al voltant de 100 anys. Inclou tractaments de creació de discontinuïtat vertical (estassades, podes).',9);
INSERT INTO orgest (id,acronym, descripcio, especie_principal_id) VALUES(36,'Qii01', 'Qualitat d’estació alta. Baix i alt risc d’incendi. Estructura irregular peu a peu. Distribució de referència: Dmax: 30 cm;  N: 955 peus/ha; AB: 15,3 m2/ha; Fcc: 50-60 %%. Tallada de selecció peu a peu cada 15-20 anys. L’àrea basal extreta és del 40-50%%.',8);
INSERT INTO orgest (id,acronym, descripcio, especie_principal_id) VALUES(37,'Qii02', 'Qualitat d’estació alta. Baix i alt risc d’incendi. Estructura regular. Torn de tallada al voltant de 35 anys (Dg ~18 cm). Amb un tractament intermedi de millora (selecció de tanys). Densitat final de 1.300 peus/ha. Tallada de regeneració arreu o en dos temps.',8);
INSERT INTO orgest (id,acronym, descripcio, especie_principal_id) VALUES(38,'Qii03', 'Qualitat d’estació alta. Baix i alt risc d’incendi. Estructura regular amb tractaments de millora (selecció de tanys i aclarides). Torn de tallada al voltant de 100 anys. En zona d’alt risc d’incendi inclou tractaments de creació de discontinuïtat vertical (estassades, podes). En zona de baix risc d’incendi únicament inclou tractaments de regulació de la densitat (selecció de tanys i aclarides).',8);
INSERT INTO orgest (id,acronym, descripcio, especie_principal_id) VALUES(39,'Qii04', 'Qualitat d’estació mitjana. Baix i alt risc d’incendi. Estructura irregular peu a peu. Distribució de referència: Dmax: 30 cm; N: 1.045 peus/ha; AB: 17,3 m2/ha; Fcc: 60%%. Tallada de selecció peu a peu cada 20-25 anys. L’àrea basal extreta és del 40%%.',8);
INSERT INTO orgest (id,acronym, descripcio, especie_principal_id) VALUES(40,'Qii05', 'Qualitat d’estació mitjana. Baix i alt risc d’incendi. Estructura regular. Torn de tallada al voltant de 45 anys (~16 cm). Amb un tractament intermedi de millora (selecció de tanys). Densitat final de 1.500 peus/ha. Tallada de regeneració arreu o en dos temps.',8);
INSERT INTO orgest (id,acronym, descripcio, especie_principal_id) VALUES(41,'Qii06', 'Qualitat d’estació mitjana. Baix i alt risc d’incendi. Estructura regular amb tractaments de millora (selecció de tanys i aclarides). Torn de tallada al voltant de 100 anys. En zona d’alt risc d’incendi, inclou tractaments de creació de discontinuïtat vertical (estassades, podes). En zona de baix risc d’incendi, únicament inclou tractaments de regulació de la densitat (selecció de tanys i aclarides).',8);
INSERT INTO orgest (id,acronym, descripcio, especie_principal_id) VALUES(42,'Qii07', 'Qualitat d’estació baixa. Baix i alt risc d’incendi. Estructura regular amb tractaments de millora (selecció de tanys i aclarides). Torn de tallada al voltant de 100 anys. En zona d’alt risc d’incendi inclou tractaments de creació de discontinuïtat vertical (estassades, podes). En zona de baix risc d’incendi únicament inclou tractaments de regulació de la densitat (selecció de tanys i aclarides).',8);
INSERT INTO orgest (id,acronym, descripcio, especie_principal_id) VALUES(43,'Qpe01', 'Qualitat d’estació alta. Estructura regular. Torn de tallada de 130 anys (Dg 60-65 cm). Règim d’aclarides selectives i baixes. Densitat final de 105 peus/ha. Regeneració per aclarida successiva en tres fases.',14);
INSERT INTO orgest (id,acronym, descripcio, especie_principal_id) VALUES(44,'Qpe02', 'Qualitat d’estació alta. Estructura regular. Torn de tallada de 180 anys (Dg 60-65 cm), que es pot avançar en funció de condicions locals. Règim d’aclarides baixes. Densitat final de 115 peus/ha. Regeneració per aclarida successiva en tres fases.',14);
INSERT INTO orgest (id,acronym, descripcio, especie_principal_id) VALUES(45,'Qpe03', 'Qualitat d’estació alta. Fusta amb diàmetre 60–65 cm. Estructura irregularitzada per bosquets mitjans o petits. Presència mínima de tres classes d’edat o estat de desenvolupament en bosquets de 5.000-8.000 m2. Gestió dels bosquets com a massa regularitzada amb regeneració per aclarida successiva.',14);
INSERT INTO orgest (id,acronym, descripcio, especie_principal_id) VALUES(46,'Qpe04', 'Qualitat d’estació baixa. Estructura regular. Torn de tallada de 130 anys (Dg ~40 cm). Règim d’aclarides baixes cada 10-15 anys. Densitat final de 200 peus/ha. Regeneració per aclarida successiva en tres fases.',14);
INSERT INTO orgest (id,acronym, descripcio, especie_principal_id) VALUES(47,'Qpe05', 'Qualitat d’estació baixa. Fusta amb diàmetre 40 cm. Estructura irregularitzada per bosquets mitjans o petits. Presència mínima de tres classes d’edat o estat de desenvolupament en bosquets de 5.000-8.000 m2. Gestió dels bosquets com a massa regularitzada amb regeneració per aclarida successiva.',14);
INSERT INTO orgest (id,acronym, descripcio, especie_principal_id) VALUES(48,'Qpe06', 'Qualitat d’estació baixa. Alta proporció d’arbres grans. Estructura irregular. Diàmetre màxim de 40 cm. Tallades de selecció cada 20 anys, per claps o bosquets. L’àrea basal extreta és del 40%% (10 m2/ha).',14);
INSERT INTO orgest (id,acronym, descripcio, especie_principal_id) VALUES(49,'Qpy01', 'Qualitat d’estació alta. Alt risc d’incendi. Estructura regular amb tractaments de millora (selecció de tanys i aclarides). Torn de tallada al voltant de 100-120 anys. Inclou tractaments de creació de discontinuïtat vertical (estassades, podes).',12);
INSERT INTO orgest (id,acronym, descripcio, especie_principal_id) VALUES(50,'Qpy02', 'Qualitat d’estació alta. Estructura irregular peu a peu o per colps. Distribució de referència: Dmax: 40 cm; N: 460 peus/ha; AB: ~12,5 m2/ha; Fcc: 50%%. Tallada de selecció peu a peu, per colps o bosquets petits cada 20-25 anys. Area basal extreta ~50%%. Podes opcionals.',12);
INSERT INTO orgest (id,acronym, descripcio, especie_principal_id) VALUES(51,'Qpy03', 'Qualitat d’estació baixa. Alt risc d’incendi. Estructura irregular biestratificada (rebrot de la rotació + estrat de reserva). Tallada de selecció peu a peu o per colps cada 25-30 anys. Area basal extreta ~40-50 %%.',12);
INSERT INTO orgest (id,acronym, descripcio, especie_principal_id) VALUES(52,'Qr01', 'Qualitat d’estació alta. Estructura regular. Torn de tallada de 130 anys (Dg 60-65 cm). Règim d’aclarides selectives i baixes. Densitat final de 105 peus/ha. Regeneració per aclarida successiva en tres fases.',15);
INSERT INTO orgest (id,acronym, descripcio, especie_principal_id) VALUES(53,'Qr02', 'Qualitat d’estació alta. Estructura regular. Torn de tallada de 180 anys (Dg 60-65 cm), que es pot avançar en funció de condicions locals. Règim d’aclarides baixes. Densitat final de 115 peus/ha. Regeneració per aclarida successiva en tres fases.',15);
INSERT INTO orgest (id,acronym, descripcio, especie_principal_id) VALUES(54,'Qr03', 'Qualitat d’estació alta. Fusta amb diàmetre 60–65 cm. Estructura irregularitzada per bosquets mitjans o petits. Presència mínima de tres classes d’edat o estat de desenvolupament en bosquets de 5.000-8.000 m2. Gestió dels bosquets com a massa regularitzada amb regeneració per aclarida successiva.',15);
INSERT INTO orgest (id,acronym, descripcio, especie_principal_id) VALUES(55,'Qr04', 'Qualitat d’estació baixa. Estructura regular. Torn de tallada de 130 anys (Dg ~40 cm). Règim d’aclarides baixes cada 10-15 anys. Densitat final de 200 peus/ha. Regeneració per aclarida successiva en tres fases.',15);
INSERT INTO orgest (id,acronym, descripcio, especie_principal_id) VALUES(56,'Qr05', 'Qualitat d’estació baixa. Fusta amb diàmetre 40 cm. Estructura irregularitzada per bosquets mitjans o petits. Presència mínima de tres classes d’edat o estat de desenvolupament en bosquets de 5.000-8.000 m2. Gestió dels bosquets com a massa regularitzada amb regeneració per aclarida successiva.',15);
INSERT INTO orgest (id,acronym, descripcio, especie_principal_id) VALUES(57,'Qr06', 'Qualitat d’estació baixa. Alta proporció d’arbres grans. Estructura irregular. Diàmetre màxim de 40 cm. Tallades de selecció cada 20 anys, per claps o bosquets. L’àrea basal extreta és del 40%% (10 m2/ha).',15);
INSERT INTO orgest (id,acronym, descripcio, especie_principal_id) VALUES(58,'Qs01', 'Qualitat d’estació alta.Producció de suro i prevenció d’incendis. Estructura irregular per bosquets petits. Distribució de referència:Dmaxsota suro: 55 cm, N: 390 peus/ha, ABsota suro=20 m2/ha, Fcc: 65%%. Tallades de selecció cada torn de lleva (12-14 anys) amb extracció d’un màxim del 20%% de l’AB.',10);
INSERT INTO orgest (id,acronym, descripcio, especie_principal_id) VALUES(59,'Qs02', 'Qualitat d’estació alta. Producció de suro i prevenció d’incendis. Estructura regular amb alta densitat (ABmax sota suro ~25 m2/ha, Fcc ~80%%). Producció de suro a torns de lleva de 12 a 14 anys i prevenció d’incendis. Torn de tallada de 198 anys (Dgsota suro ~53 cm). Règim d’aclarides mixtes suaus. Regeneració per aclarida successiva en tres',10);
INSERT INTO orgest (id,acronym, descripcio, especie_principal_id) VALUES(60,'Qs03', 'Qualitat d’estació alta. Prevenció d’incendis i producció de suro. Estructura regular amb baixa densitat (ABmax sota suro =10 m2/ha, Fcc 30-40%%). Prevenció d’incendis amb producció de suro a torns de lleva de 12 a 14 anys. Torn de tallada entre 150 i 200 anys (Dgsota suro ~40-55 cm). Règim d’aclarides mixtes suaus. Regeneració per aclarida',10);
INSERT INTO orgest (id,acronym, descripcio, especie_principal_id) VALUES(61,'Qs04', 'Qualitat d’estació mitjana. Producció de suro i prevenció d’incendis. Estructura irregular per bosquets petits. Distribució de referència, Dmaxsota suro: 50 cm, N: 455 peus/ha, ABsota suro=20 m2/ha, Fcc: 65%%. Tallades de selecció cada torn de lleva (12-14 anys) amb extracció d’un màxim del 20%% de l’AB.',10);
INSERT INTO orgest (id,acronym, descripcio, especie_principal_id) VALUES(62,'Qs05', 'Qualitat d’estació mitjana. Producció de suro i prevenció d’incendis. Estructura regular amb alta densitat (ABmax sota suro ~25 m2/ha, Fcc ~80%%). Producció de suro a torns de lleva de 12 a 14 anys i prevenció d’incendis. Torn de tallada de 194 anys (Dgsota suro ~46 cm). Règim d’aclarides mixtes suaus. Regeneració per aclarida successiva en tres',10);
INSERT INTO orgest (id,acronym, descripcio, especie_principal_id) VALUES(63,'Qs06', 'Qualitat d’estació mitjana. Prevenció d’incendis i producció de suro. Estructura regular amb baixa densitat (ABmax sota suro =10 m2/ha, Fcc 30-40%%). Prevenció d’incendis amb producció de suro a torns de lleva de 12 a 14 anys. Torn de tallada entre 150 i 200 anys (Dgsota suro ~37-50 cm). Règim d’aclarides mixtes suaus. Regeneració per aclarida',10);
INSERT INTO orgest (id,acronym, descripcio, especie_principal_id) VALUES(64,'Qs07', 'Qualitat d’estació baixa. Producció de suro i prevenció d’incendis. Estructura irregular per bosquets petits. Distribució de referència, Dmaxsota suro: 40 cm, N: 495 peus/ha, ABsota suro=16,5 m2/ha, Fcc: 60%%. Tallades de selecció cada torn de lleva (14 anys) o cada dos (28 anys), amb un pes màxim del 20%% de l’AB.',10);
INSERT INTO orgest (id,acronym, descripcio, especie_principal_id) VALUES(65,'Qs08', 'Qualitat d’estació baixa. Producció de suro i prevenció d’incendis. Estructura regular amb alta densitat (ABmax sota suro ~20 m2/ha, Fcc ~60-70%%). Producció de suro a torns de lleva de 12 a 14 anys i prevenció d’incendis. Torn de tallada de 190 anys (Dgsota suro ~36 cm). Règim d’aclarides mixtes suaus. Regeneració per aclarida successiva en',10);
INSERT INTO orgest (id,acronym, descripcio, especie_principal_id) VALUES(66,'Qs09', 'Qualitat d’estació mitjana. Prevenció d’incendis i producció de suro. Estructura regular amb baixa densitat (ABmax sota suro =10 m2/ha, Fcc 30-40%%). Prevenció d’incendis amb producció de suro a torns de lleva de 12 a 14 anys. Torn de tallada entre 150 i 200 anys (Dgsota suro ~30-40 cm). Règim d’aclarides mixtes suaus. Regeneració per aclarida',10);
INSERT INTO orgest (id,acronym, descripcio, especie_principal_id) VALUES(67,'Ph01', 'Qualitat d’estació alta. Estructura regularitzada. Torn de tallada de 60-80 anys (~35 cm). Règim d’aclarides mixtes i baixes cada 10-15 anys. Tractaments complementaris per reduir la vulnerabilitat estructural (podes, estassades). Densitat final de 375 peus/ha. Regeneració per aclarida successiva en dues fases.',5);
INSERT INTO orgest (id,acronym, descripcio, especie_principal_id) VALUES(68,'Ph02', 'Qualitat d’estació alta. Estructura regularitzada. Torn de tallada de 60-70 anys (~35 cm). Règim d’aclarides mixtes i baixes cada 15 anys. Tractaments complementaris per reduir la vulnerabilitat estructural (podes, estassades). Densitat final de 400 peus/ha. Regeneració per aclarida successiva en dues fases.',5);
INSERT INTO orgest (id,acronym, descripcio, especie_principal_id) VALUES(69,'Ph03', 'Qualitat d’estació alta. Estructura regularitzada. Torn de tallada de 40-50 anys (~25 cm). Una sola aclarida mixta. Tractaments complementaris per reduir la vulnerabilitat estructural (podes, estassades). Densitat final de 1.300 peus/ha. Regeneració per aclarida successiva en dues fases.',5);
INSERT INTO orgest (id,acronym, descripcio, especie_principal_id) VALUES(70,'Ph04', 'Qualitat d’estació alta. Estructura regularitzada. Torn de tallada físic. Tractaments per reduir la vulnerabilitat estructural (aclarides, podes, estassades). Regeneració per aclarida successiva en dues fases.',5);
INSERT INTO orgest (id,acronym, descripcio, especie_principal_id) VALUES(71,'Ph05', 'Qualitat d’estació mitjana. Estructura regularitzada. Torn de tallada de 80-100 anys (~30 cm). Règim d’aclarides mixtes i baixes cada 10-15 anys. Tractaments complementaris per reduir la vulnerabilitat estructural (podes, estassades). Densitat final de 600 peus/ha. Regeneració per aclarida successiva en dues fases.',5);
INSERT INTO orgest (id,acronym, descripcio, especie_principal_id) VALUES(72,'Ph06', 'Qualitat d’estació mitjana. Estructura regularitzada. Torn de tallada de 45-55 anys (~20 cm). Una sola aclarida mixta. Tractaments complementaris per reduir la vulnerabilitat estructural (podes, estassades). Densitat final de 800 peus/ha. Regeneració per aclarida successiva en dues fases.',5);
INSERT INTO orgest (id,acronym, descripcio, especie_principal_id) VALUES(73,'Ph07', 'Qualitat d’estació mitjana. Estructura regularitzada. Torn de tallada físic. Tractaments per reduir la vulnerabilitat estructural (aclarides, podes, estassades). Regeneració per aclarida successiva en dues fases.',5);
INSERT INTO orgest (id,acronym, descripcio, especie_principal_id) VALUES(74,'Ph08', 'Qualitat d’estació baixa. Estructura regularitzada. Torn de tallada físic. Tractaments per reduir la vulnerabilitat estructural (aclarides, podes, estassades). Regeneració per aclarida successiva en dues fases.',5);
INSERT INTO orgest (id,acronym, descripcio, especie_principal_id) VALUES(75,'Pn01', 'Qualitat d’estació alta i baix risc d’incendi. Estructura regularitzada. Fusta de qualitat amb diàmetre final ~40 cm. Torn de tallada de 70-85 anys (~40 cm). Règim d’aclarides selectives cada 10-12 anys. Podes en alçada juntament amb les primeres aclarides. Densitat final de 350 peus/ha. Regeneració per aclarida successiva en tres fases.',4);
INSERT INTO orgest (id,acronym, descripcio, especie_principal_id) VALUES(76,'Pn02', 'Qualitat d’estació alta i baix risc d’incendi. Estructura irregularitzada amb major proporció d''arbres petits. Fusta amb diàmetre màxim ~35 cm. Tallada de selecció cada 10-12 anys, amb obertures de fins a 1.000 m2, i es manté més presència d’arbres del grup de grandària petit i molt menor del grup gran (CD 10-15: 41%% AB, CD 20-30: 42%% AB, CD =35: 17%% AB). L’àrea basal extreta màxima és del 40%%.',4);
INSERT INTO orgest (id,acronym, descripcio, especie_principal_id) VALUES(77,'Pn03', 'Qualitat d’estació alta. Baix o alt risc d’incendi. Estructura regularitzada. Fusta comercial amb diàmetre final ~40 cm. Torn de tallada de 85-105 anys. Règim d’aclarides baixes cada 10-20 anys. Densitat final de 450 peus/ha. Regeneració per aclarida successiva en tres fases. Opció d’allargar el torn a 140-170 anys (~45 cm). Tractaments complementaris per a reduir la vulnerabilitat estructural (podes, estassades) en zona d’alt risc d’incendi.',4);
INSERT INTO orgest (id,acronym, descripcio, especie_principal_id) VALUES(78,'Pn04', 'Qualitat d’estació alta. Baix o alt risc d’incendi. Estructura regularitzada. Fusta comercial amb diàmetre final ~30 cm. Torn de tallada de 50-70 anys. Una aclarida baixa. Densitat final de 1.050 peus/ha. Regeneració per aclarida successiva en tres fases. Tractaments complementaris per a reduir la vulnerabilitat estructural (podes, estassades) en zona d’alt risc d’incendi.',4);
INSERT INTO orgest (id,acronym, descripcio, especie_principal_id) VALUES(79,'Pn05', 'Qualitat d’estació alta. Baix o alt risc d’incendi. Fusta amb diàmetre màxim ~40 cm. Estructura irregular. Tallades de selecció cada 10-12 anys, amb obertures de fins a 1.000 m2. L’àrea basal extreta màxima és del 33%%. Es manté més presència d’arbres dels grups de grandària mitjà i gran, i menor del grup petit (CD 10-15: 24%% AB, CD 20-30: 40%% AB, CD =35: 36%% AB). Tractaments per reduir la vulnerabilitat estructural (podes, estassades).',4);
INSERT INTO orgest (id,acronym, descripcio, especie_principal_id) VALUES(80,'Pn06', 'Qualitat d’estació mitjana. Baix o alt risc d’incendi. Estructura regularitzada. Fusta comercial amb diàmetre final ~30 cm. Torn de tallada de 120-150 anys. Règim d’aclarides mixtes i baixes cada 15-20 anys. Densitat final de 400 peus/ha. Regeneració per aclarida successiva en dues fases. Opció d’allargar el torn a 160-200 anys (zona d’alt risc). Tractaments complementaris per a reduir la vulnerabilitat estructural (podes, estassades) en zona d’alt risc d’incendi.',4);
INSERT INTO orgest (id,acronym, descripcio, especie_principal_id) VALUES(81,'Pn07', 'Qualitat d’estació mitjana. Baix o alt risc d’incendi. Fusta amb diàmetre màxim ~35 cm. Estructura irregular. Tallades de selecció cada 15-17 anys, amb obertures de fins a 1.000 m2. L’àrea basal extreta màxima és del 40%%. Es manté més presència d’arbres del grup de grandària mitjà (CD 10-15: 22%% AB, CD 20-30: 56%% AB, CD 35: 21%% AB). Tractaments per reduir la vulnerabilitat estructural (podes, estassades).',4);
INSERT INTO orgest (id,acronym, descripcio, especie_principal_id) VALUES(82,'Pn08', 'Qualitat d’estació mitjana. Alt risc d’incendi. Estructura regularitzada. Augment de resistència al foc. Torn de tallada físic. Tractaments per a reduir la vulnerabilitat estructural (aclarides, podes, estassades). Regeneració per aclarida successiva en tres fases.',4);
INSERT INTO orgest (id,acronym, descripcio, especie_principal_id) VALUES(83,'Pn09', 'Qualitat d’estació baixa. Baix o alt risc d’incendi. Estructura regularitzada. Fusta amb diàmetre final ~30 cm. Torn de tallada de 125-155 anys. Règim d’aclarides baixes cada 20-25 anys. Densitat final de 600 peus/ha. Regeneració per aclarida successiva en tres fases. Opció d’allargar el torn a 180-225 anys (zona d’alt risc). Tractaments complementaris per reduir la vulnerabilitat estructural (podes, estassades) en zona d’alt risc d’incendi.',4);
INSERT INTO orgest (id,acronym, descripcio, especie_principal_id) VALUES(84,'Pn10', 'Qualitat d’estació baixa. Alt risc d’incendi. Estructura regularitzada. Augment de resistència al foc. Torn de tallada físic. Tractaments per a reduir la vulnerabilitat estructural (aclarides, podes, estassades). Regeneració per aclarida successiva en tres fases.',4);
INSERT INTO orgest (id,acronym, descripcio, especie_principal_id) VALUES(85,'Ppa01', 'Qualitat d’estació alta. Producció de fusta i augment de la resistència al foc. Estructura regularitzada amb torn de tallada de 80-100 anys (~50 cm). Règim d’aclarides baixes cada 10 anys. Densitat final de 230 peus/ha. Regeneració per aclarida successiva en tres fases.',6);
INSERT INTO orgest (id,acronym, descripcio, especie_principal_id) VALUES(86,'Ppa02', 'Qualitat d’estació alta. Producció de pinya i augment de la resistència al foc. Estructura regularitzada amb torn de tallada de 135-165 anys (~60 cm). Règim d’aclarides selectives cada 15-25 anys. Densitat final de 125 peus/ha. Regeneració per aclarida successiva en tres fases o tallada arreu.',6);
INSERT INTO orgest (id,acronym, descripcio, especie_principal_id) VALUES(87,'Ppa03', 'Qualitat d’estació alta. Augment de la resistència al foc. Estructura regularitzada amb torn de tallada de 145-180 anys. Règim d’aclarides baixes cada 25-40 anys, amb actuacions per reduir la vulnerabilitat estructural. Densitat final de 350 peus/ha. Regeneració per aclarida successiva en tres fases.',6);
INSERT INTO orgest (id,acronym, descripcio, especie_principal_id) VALUES(88,'Ppa04', 'Qualitat d’estació alta. Producció de fusta i augment de la resistència al foc. Estructura irregularitzada. Diàmetre màxim de 55 cm. Tallades de selecció cada 10-12 anys, amb obertures de 1.000 a 3.000 m2. L’àrea basal extreta màxima és del 33%%. Tractaments per reduir la vulnerabilitat estructural.',6);
INSERT INTO orgest (id,acronym, descripcio, especie_principal_id) VALUES(89,'Ppa05', 'Qualitat d’estació mitjana. Producció de fusta i augment de la resistència al foc. Estructura regularitzada amb torn de tallada de 90-110 anys (~40 cm). Règim d’aclarides baixes cada 15 anys. Densitat final de 300 peus/ha. Regeneració per aclarida successiva en tres fases.',6);
INSERT INTO orgest (id,acronym, descripcio, especie_principal_id) VALUES(90,'Ppa06', 'Qualitat d’estació mitjana. Producció de pinya i augment de la resistència al foc. Estructura regularitzada amb torn de tallada de 135-165 anys (>50 cm). Règim d’aclarides selectives mixtes cada 25-30 anys. Densitat final de 225 peus/ha. Regeneració per aclarida successiva en tres fases o tallada arreu.',6);
INSERT INTO orgest (id,acronym, descripcio, especie_principal_id) VALUES(91,'Ppa07', 'Qualitat d’estació mitjana. Augment de la resistència al foc. Estructura regularitzada amb torn de tallada de 150-190 anys. Règim d’aclarides baixes cada 30-70 anys, amb actuacions per reduir la vulnerabilitat estructural. Densitat final de 400 peus/ha. Regeneració per aclarida successiva en tres fases.',6);
INSERT INTO orgest (id,acronym, descripcio, especie_principal_id) VALUES(92,'Ppa08', 'Qualitat d’estació mitjana. Producció de fusta i augment de la resistència al foc. Estructura irregularitzada. Diàmetre màxim de 45 cm. Tallades de selecció cada 15-17 anys, amb obertures de 1.000 a 3.000 m2. L’àrea basal extreta màxima és del 39%%. Tractaments per reduir la vulnerabilitat estructural.',6);
INSERT INTO orgest (id,acronym, descripcio, especie_principal_id) VALUES(93,'Ppa09', 'Qualitat d’estació baixa. Producció de pinya i augment de la resistència al foc. Estructura regularitzada amb torn de tallada de 135-165 anys (~40 cm). Règim d’aclarides selectives mixtes cada 25-30 anys. Densitat final de 160 peus/ha. Regeneració per aclarida successiva en tres fases o tallada arreu.',6);
INSERT INTO orgest (id,acronym, descripcio, especie_principal_id) VALUES(94,'Ppa10', 'Qualitat d’estació baixa. Augment de la resistència al foc. Estructura regularitzada amb torn de tallada de 170-200 anys. Almenys una aclarida baixa als 75 anys, amb actuacions per reduir la vulnerabilitat estructural. Densitat final de 450 peus/ha. Regeneració per aclarida successiva en tres fases.',6);
INSERT INTO orgest (id,acronym, descripcio, especie_principal_id) VALUES(95,'Ps01', 'Qualitat d’estació alta i baix risc d’incendi. Estructura regularitzada. Fusta de qualitat amb diàmetre final ~50 cm. Torn de tallada de 90-110 anys. Règim d’aclarides selectives cada 10-15 anys. Podes en alçada junt amb les primeres aclarides. Densitat final de 200 peus/ha. Regeneració per aclarida successiva en tres fases.',3);
INSERT INTO orgest (id,acronym, descripcio, especie_principal_id) VALUES(96,'Ps02', 'Qualitat d’estació alta i baix risc d’incendi. Estructura regularitzada. Fusta de qualitat amb diàmetre final ~50 cm. Torn de tallada de 105-130 anys. Règim d’aclarides baixes cada 10-20 anys. Densitat final de 250 peus/ha. Regeneració per aclarida successiva en tres fases.',3);
INSERT INTO orgest (id,acronym, descripcio, especie_principal_id) VALUES(97,'Ps03', 'Qualitat d’estació alta i baix risc d’incendi. Estructura regularitzada. Fusta de qualitat amb diàmetre final ~35 cm. Torn de tallada de 70-85 anys. Règim d’aclarides baixes cada 11-15 anys. Densitat final de 600 peus/ha. Regeneració per aclarida successiva en tres fases.',3);
INSERT INTO orgest (id,acronym, descripcio, especie_principal_id) VALUES(98,'Ps04', 'Qualitat d’estació alta i baix risc d’incendi. Estructura irregularitzada. Fusta de qualitat amb diàmetre màxim ~55 cm. Tallades de selecció cada 7-13 anys, amb obertures de 1.000-3.000 m2, mantenint major presència d’arbres del grup de grandària gran (CD 10-15: 27%% AB, CD 20-30: 31%% AB, CD=35: 42%% AB). L’àrea basal extreta màxima és del 35-40%%.',3);
INSERT INTO orgest (id,acronym, descripcio, especie_principal_id) VALUES(99,'Ps05', 'Qualitat d’estació alta i baix risc d’incendi. Estructura irregularitzada. Fusta de qualitat amb diàmetre màxim ~35 cm. Tallada de selecció cada 7-13 anys, amb obertures de 1.000-3.000 m2, mantenint major presència d’arbres del grup de grandària petit i molt menor del grup gran (CD 10-15: 46%% AB, CD 20-30: 46%% AB, CD=35: 8%% AB). L’àrea basal extreta màxima és del 40-42%%.',3);
INSERT INTO orgest (id,acronym, descripcio, especie_principal_id) VALUES(100,'Ps06', 'Qualitat d’estació alta/mitjana/baixa i alt/baix risc d’incendi. Estructura irregularitzada. Fusta de qualitat/comercial. Presència mínima de tres classes d’edat o estat de desenvolupament en bosquets de 5.000-10.000 m2. Gestió dels bosquets com a massa regularitzada amb regeneració per aclarida successiva.',3);
INSERT INTO orgest (id,acronym, descripcio, especie_principal_id) VALUES(101,'Ps07', 'Qualitat d’estació alta i alt risc d’incendi. Estructura regularitzada. Fusta de qualitat amb diàmetre final ~50 cm. Torn de tallada de 115-140 anys. Règim d’aclarides baixes cada 12-25 anys. Tractaments complementaris per a reduir la vulnerabilitat estructural (podes, estassades). Densitat final de 350 peus/ha. Regeneració per aclarida successiva en tres fases.',3);
INSERT INTO orgest (id,acronym, descripcio, especie_principal_id) VALUES(102,'Ps08', 'Qualitat d’estació mitjana i baix risc d’incendi. Estructura regularitzada. Fusta de qualitat amb diàmetre final ~40 cm. Torn de tallada de 115-140 anys. Règim d’aclarides selectives cada 17-29 anys. Densitat final de 300 peus/ha. Regeneració per aclarida successiva en tres fases.',3);
INSERT INTO orgest (id,acronym, descripcio, especie_principal_id) VALUES(103,'Ps09', 'Qualitat d’estació mitjana i baix risc d’incendi. Estructura regularitzada. Fusta comercial amb diàmetre final ~35 cm. Torn de tallada de 100-125 anys. Règim d’aclarides baixes cada 15-27 anys. Densitat final de 600 peus/ha. Regeneració per aclarida successiva en tres fases.',3);
INSERT INTO orgest (id,acronym, descripcio, especie_principal_id) VALUES(104,'Ps10', 'Qualitat d’estació mitjana i baix risc d’incendi. Estructura irregularitzada. Fusta comercial amb diàmetre màxim ~45 cm. Diàmetre màxim de 45 cm. Tallada de selecció cada 13-18 anys, amb obertures de 1.000-3.000 m2, mantenint major presència d’arbres del grup de grandària mitjà (CD 10-15: 33%% AB, CD 20-30: 37%% AB, CD=35: 30%% AB). L’àrea basal extreta màxima és del 35-40%%.',3);
INSERT INTO orgest (id,acronym, descripcio, especie_principal_id) VALUES(105,'Ps11', 'Qualitat d’estació mitjana i alt risc d’incendi. Estructura regularitzada. Fusta comercial amb diàmetre final ~40 cm. Torn de tallada de 120-150 anys. Règim d’aclarides baixes cada 11-24 anys. Tractaments complementaris per a reduir la vulnerabilitat estructural (podes, estassades). Densitat final de 400 peus/ha. Regeneració per aclarida successiva en tres fases.',3);
INSERT INTO orgest (id,acronym, descripcio, especie_principal_id) VALUES(106,'Ps12', 'Qualitat d’estació mitjana i alt risc d’incendi. Estructura regularitzada. Torn de tallada físic. Tractaments per a reduir la vulnerabilitat estructural (aclarides, podes, estassades). Regeneració per aclarida successiva en tres fases.',3);
INSERT INTO orgest (id,acronym, descripcio, especie_principal_id) VALUES(107,'Ps13', 'Qualitat d’estació baixa i baix risc d’incendi. Estructura regularitzada. Torn de tallada de 130-160 anys (~30 cm). Règim d’aclarides selectives cada 17-25 anys. Densitat final de 450 peus/ha. Regeneració per aclarida successiva en tres fases.',3);
INSERT INTO orgest (id,acronym, descripcio, especie_principal_id) VALUES(108,'Ps14', 'Qualitat d’estació baixa i baix risc d’incendi. Estructura irregularitzada. Diàmetre màxim de 35 cm. Tallada de selecció cada 19-24 anys, amb obertures de 1.000-3.000 m2, mantenint menor presència d’arbres del grup de grandària gran (CD 10-15: 44%% AB, CD 20-30: 49%% AB, CD=35: 7%% AB). L’àrea basal extreta màxima és del 35%%.',3);
INSERT INTO orgest (id,acronym, descripcio, especie_principal_id) VALUES(109,'Ps15', 'Qualitat d’estació baixa i alt risc d’incendi. Estructura regularitzada. Torn de tallada de 140-170 anys (~30 cm). Règim d’aclarides baixes cada 11-27 anys. Tractaments complementaris per a reduir la vulnerabilitat estructural (podes, estassades). Densitat final de 500 peus/ha. Regeneració per aclarida successiva en tres fases.',3);
INSERT INTO orgest (id,acronym, descripcio, especie_principal_id) VALUES(110,'Ps16', 'Qualitat d’estació baixa i alt risc d’incendi. Estructura regularitzada. Torn de tallada físic. Tractaments per a reduir la vulnerabilitat estructural (aclarides, podes, estassades). Regeneració per aclarida successiva en tres fases.',3);
INSERT INTO orgest (id,acronym, descripcio, especie_principal_id) VALUES(111,'Ps17', 'Qualitat d’estació mitjana i baix risc d’incendi. Estructura regularitzada. Producció de bolets i fusta de grans dimensions. Règim d’aclarides mixtes.',3);
INSERT INTO orgest (id,acronym, descripcio, especie_principal_id) VALUES(112,'Pu01', 'Qualitat d’estació alta. Producció de fusta. Estructura regularitzada amb torn de tallada de 120-150 anys (~45 cm). Règim d’aclarides selectives mixtes cada 15-20 anys. Densitat final de 400-600 peus/ha. Regeneració per aclarida successiva en dues fases.',2);
INSERT INTO orgest (id,acronym, descripcio, especie_principal_id) VALUES(113,'Pu02', 'Qualitat d’estació alta. Producció de fusta. Estructura regularitzada amb torn de tallada de 120-150 anys (~45 cm). Règim d’aclarides selectives cada 15-25 anys. Densitat final de ~400 peus/ha. Regeneració per aclarida successiva en tres fases.',2);
INSERT INTO orgest (id,acronym, descripcio, especie_principal_id) VALUES(114,'Pu03', 'Qualitat d’estació alta. Producció de fusta. Estructura irregularitzada. Diàmetre màxim de 45 cm. Tallades de selecció cada 10-15 anys, amb obertures de fins a 3.000 m2. Estructura equilibrada per grups de grandària. L’àrea basal extreta màxima és del 35%%.',2);
INSERT INTO orgest (id,acronym, descripcio, especie_principal_id) VALUES(115,'Pu04', 'Qualitat d’estació alta/mitjana/baixa. Producció de fusta. Estructura irregularitzada. Presència mínima de tres classes d’edat o estat de desenvolupament en bosquets de 5.000 a 10.000 m2. Gestió dels bosquets com a massa regularitzada amb regeneració per aclarida successiva.',2);
INSERT INTO orgest (id,acronym, descripcio, especie_principal_id) VALUES(116,'Pu05', 'Qualitat d’estació mitjana. Producció de fusta. Estructura regularitzada amb torn de tallada de 120-150 anys (~40 cm). Règim d’aclarides selectives mixtes cada 20-30 anys. Densitat final de ~500 peus/ha. Regeneració per aclarida successiva en dues fases.',2);
INSERT INTO orgest (id,acronym, descripcio, especie_principal_id) VALUES(117,'Pu06', 'Qualitat d’estació mitjana. Producció de fusta. Estructura irregularitzada. Diàmetre màxim de 40 cm. Tallades de selecció cada 15-20 anys, amb obertures de fins a 2.500 m2. Estructura equilibrada per grups de grandària. L’àrea basal extreta màxima és del 35%%.',2);
INSERT INTO orgest (id,acronym, descripcio, especie_principal_id) VALUES(118,'Pu07', 'Qualitat d’estació baixa. Producció de fusta. Estructura regularitzada amb torn de tallada de 150-200 anys (~35 cm). Règim d’aclarides selectives cada 20-30 anys. Densitat final de ~750 peus/ha. Regeneració per aclarida successiva.',2);
INSERT INTO orgest (id,acronym, descripcio, especie_principal_id) VALUES(119,'Pu08', 'Qualitat d’estació baixa. Producció de fusta. Estructura irregularitzada. Diàmetre màxim de 35 cm. Tallades de selecció cada 20-30 anys, amb obertures de fins a 2.000 m2. Estructura amb menor presència del grup de grandària gran. L’àrea basal extreta màxima és del 40%%.',2);
INSERT INTO orgest (id,acronym, descripcio, especie_principal_id) VALUES(120,'Pt01', 'Qualsevol qualitat d’estació. Estructura regular. Aclarides selectives estrictes o mixtes en cas de fàcil accés. Diàmetre final mitjà: 40 cm (torn ~50 anys). Densitat final 200-250 peus/ha',31);
INSERT INTO orgest (id,acronym, descripcio, especie_principal_id) VALUES(121,'Pt02', 'Qualsevol qualitat d’estació. Estructura irregularitzada amb 2 estrats (bosc mitjà irregular). Un estrat inferior regular majoritàriament de rebrot de trèmol amb destí a trituració o llenyes i un estrat superior irregular de trèmol i altres espècies. Rotació de 20-30 anys (Dg ~15-20 cm per a l’estrat de rebrot). Regeneració per tallada arreu amb reserva de peus de trèmol o d’altres espècies.',31);
INSERT INTO orgest (id,acronym, descripcio, especie_principal_id) VALUES(122,'Ce01', 'Qualitat d’estació òptima. Fusta d’alta qualitat amb diàmetre final >45 cm. Aclarides selectives o mixtes i podes de qualitat (Densitat inicial 800-1200 peus/ha. 2-3 aclarides selectives o mixtes. Podes (opcionals en qualitats subòptimes). Ø final=45 cm. Nfinal=250-300, T= 70 anys).',40);
INSERT INTO orgest (id,acronym, descripcio, especie_principal_id) VALUES(123,'Ce02', 'Qualsevol qualitat d’estació. Plantacions ja existents. Diversificació amb altres espècies / substitució (Model regular per al cedre. Aclarides mixtes amb obertures puntuals o per claps per fomentar altres espècies o tallada en una sola intervenció).',40);
INSERT INTO orgest (id,acronym, descripcio, especie_principal_id) VALUES(124,'Ld01', 'Qualitat d’estació òptima. Fusta d’alta qualitat amb diàmetre final >45 cm. Aclarides selectives o mixtes i podes de qualitat (Densitat inicial 600-700 peus/ha. 2 a 3 aclarides baixes o mixtes. Podes. Ø final >45 cm. Nfinal=150-200, T=60-70 anys).',41);
INSERT INTO orgest (id,acronym, descripcio, especie_principal_id) VALUES(125,'Pia01', 'Qualitat d’estació òptima. Fusta d’alta qualitat amb diàmetre final >45 cm. Aclarides selectives o mixtes i podes de qualitat (Densitat inicial 800 peus/ha. 2-3 Aclarides selectives o mixtes. Podes. Ø final >45 cm. Nfinal=180-200, T=60-70 anys).',42);
INSERT INTO orgest (id,acronym, descripcio, especie_principal_id) VALUES(126,'Pna01', 'Qualsevol qualitat d’estació. Plantacions ja existents. Diversificació amb altres espècies / substitució (Model regular per a la pinassa d’Àustria. Aclarides mixtes amb obertures puntuals o per claps per fomentar altres espècies o tallada en una sola intervenció).',44);
INSERT INTO orgest (id,acronym, descripcio, especie_principal_id) VALUES(127,'Pnc01', 'Qualitat d’estació òptima. Fusta d’alta qualitat amb diàmetre final >40 cm. Aclarides selectives o mixtes i podes de qualitat (Densitat inicial ~800 peus/ha. 2 aclarides selectives o mixtes. Podes. Ø final =40 cm. Nfinal=250-300, T=60-80 anys).',45);
INSERT INTO orgest (id,acronym, descripcio, especie_principal_id) VALUES(128,'Pnc02', 'Qualitat d’estació subòptima. Fusta comercial amb diàmetre final >35 cm. Aclarides mixtes i podes opcionals (Densitat inicial ~800 peus/ha. 1-2 aclarides mixtes. Podes. Ø final =35 cm. Nfinal=400, T=60-80 anys).',45);
INSERT INTO orgest (id,acronym, descripcio, especie_principal_id) VALUES(129,'Ppr01', 'Qualitat d’estació òptima. Fusta d’alta qualitat amb diàmetre final ~45 cm. Aclarides selectives o mixtes i podes de qualitat (Densitat inicial 600-800 peus/ha. 2 aclarides selectives o mixtes. Podes. Ø final=45 cm. Nfinal=250-300, T=50-60 anys).',46);
INSERT INTO orgest (id,acronym, descripcio, especie_principal_id) VALUES(130,'Ppr02', 'Qualitat d’estació òptima. Fusta d’alta qualitat o comercial amb diàmetre final ~35-40 cm. Aclarides mixtes i podes opcionals (Densitat inicial variable, 600-800 peus/ha en plantacions. 1-2 aclarides mixtes. Podes opcionals. Ø final=35-40 cm. Nfinal=400, T=45-50 anys).',46);
INSERT INTO orgest (id,acronym, descripcio, especie_principal_id) VALUES(131,'Ppr03', 'Qualitat d’estació subòptima. Fusta comercial amb diàmetre final ~30-35 cm. Aclarides mixtes i podes opcionals (Densitat inicial variable, 700-800 peus/ha en plantacions. 1-2 aclarides mixtes. Podes opcionals. Ø final=30-35 cm. Nfinal=400, T=50-60 anys).',46);
INSERT INTO orgest (id,acronym, descripcio, especie_principal_id) VALUES(132,'Pr01', 'Qualitat d’estació òptima. Fusta d’alta qualitat amb diàmetre final ~45 cm. Aclarides selectives o mixtes i podes de qualitat (Densitat inicial 700-800 peus/ha. 2 aclarides selectives o mixtes. Podes. Ø final=45 cm. Nfinal=250-300, T=35-45 anys).',47);
INSERT INTO orgest (id,acronym, descripcio, especie_principal_id) VALUES(133,'Pr02', 'Qualitat d’estació subòptima. Fusta de qualitat comercial amb diàmetre final 35-40 cm. Aclarides mixtes i podes opcionals (Densitat inicial 700-800 peus/ha. 1-2 aclarides mixtes. Podes opcionals. Ø final=35-40 cm. Nfinal=400. T=35-40 anys).',47);
INSERT INTO orgest (id,acronym, descripcio, especie_principal_id) VALUES(134,'Pm01', 'Qualitat d’estació òptima. Fusta d’alta qualitat amb diàmetre final >50 cm. Aclarides selectives o mixtes i podes de qualitat (Densitat inicial 600-800 peus/ha. 3-4 aclarides selectives o mixtes. Tallada final arreu a partir de H0=33 m, T >60 anys. Possibilitat allargar torn fins H0=40 m deixant 150 peus fins tallada final).',43);
INSERT INTO orgest (id,acronym, descripcio, especie_principal_id) VALUES(135,'Pm02', 'Qualitat d’estació òptima. Fusta d’alta qualitat amb diàmetre final >50 cm. Aclarides selectives o mixtes i podes de qualitat (Densitat inicial 400-500 peus/ha. 1-2 aclarides selectives o mixtes. Tallada final arreu a partir de H0=33 m, T >60 anys. Possibilitat allargar torn fins H0=40 m deixant 150 peus fins tallada final).',43);
INSERT INTO orgest (id,acronym, descripcio, especie_principal_id) VALUES(136,'Pm03', 'Qualitat d’estació subòptima. Fusta d’alta qualitat amb diàmetre final >50 cm. Aclarides baixes o mixtes i podes de qualitat (Densitat inicial 600-800 peus/ha. Model regular, 3-4 aclarides mixtes. Tallada final arreu a partir de H0=30 m, T >60 anys).',43);
INSERT INTO orgest (id,acronym, descripcio, especie_principal_id) VALUES(137,'BpePs1', 'Mantenir la massa mixta',17);
INSERT INTO orgest (id,acronym, descripcio, especie_principal_id) VALUES(138,'BpePs2', 'Avançar en la dominància del bedoll',17);
INSERT INTO orgest (id,acronym, descripcio, especie_principal_id) VALUES(139,'BpePs3', 'Augmentar la proporció de pi roig',17);
INSERT INTO orgest (id,acronym, descripcio, especie_principal_id) VALUES(140,'BpeAa1', 'Mantenir la massa mixta',17);
INSERT INTO orgest (id,acronym, descripcio, especie_principal_id) VALUES(141,'BpeAa2', 'Avançar en la dominància del bedoll',17);
INSERT INTO orgest (id,acronym, descripcio, especie_principal_id) VALUES(142,'BpeAa3', 'Augmentar la proporció d’avet',17);
INSERT INTO orgest (id,acronym, descripcio, especie_principal_id) VALUES(143,'BpePu1', 'Mantenir la massa mixta',17);
INSERT INTO orgest (id,acronym, descripcio, especie_principal_id) VALUES(144,'BpePu2', 'Avançar en la dominància del bedoll',17);
INSERT INTO orgest (id,acronym, descripcio, especie_principal_id) VALUES(145,'BpePu3', 'Augmentar la proporció de pi negre',17);
INSERT INTO orgest (id,acronym, descripcio, especie_principal_id) VALUES(146,'BpePl1', 'Mantenir la massa mixta',17);
INSERT INTO orgest (id,acronym, descripcio, especie_principal_id) VALUES(147,'BpePl2', 'Avançar en la dominància del bedoll',17);
INSERT INTO orgest (id,acronym, descripcio, especie_principal_id) VALUES(148,'BpePl3', 'Augmentar la proporció d’altres planifolis',17);
INSERT INTO orgest (id,acronym, descripcio, especie_principal_id) VALUES(149,'CsCo1', 'Mantenir la massa mixta de castanyer i coníferes.',20);
INSERT INTO orgest (id,acronym, descripcio, especie_principal_id) VALUES(150,'CsCo2', 'Avançar en la dominància del castanyer.',20);
INSERT INTO orgest (id,acronym, descripcio, especie_principal_id) VALUES(151,'CsCo3', 'Augmentar la proporció de coníferes.',20);
INSERT INTO orgest (id,acronym, descripcio, especie_principal_id) VALUES(152,'CsCo4', 'Avançar cap a una massa mixta de coníferes i planifolis espontanis, diferents del castanyer.',20);
INSERT INTO orgest (id,acronym, descripcio, especie_principal_id) VALUES(153,'CsQs1', 'Augmentar la proporció de surera.',20);
INSERT INTO orgest (id,acronym, descripcio, especie_principal_id) VALUES(154,'CsQu1', 'Mantenir la massa mixta de castanyer amb alzines o roures martinenc i africà.',20);
INSERT INTO orgest (id,acronym, descripcio, especie_principal_id) VALUES(155,'CsQu2', 'Augmentar la proporció d’alzines o roures martinenc i africà.',20);
INSERT INTO orgest (id,acronym, descripcio, especie_principal_id) VALUES(156,'CsFs1', 'Avançar en la dominància del castanyer.',20);
INSERT INTO orgest (id,acronym, descripcio, especie_principal_id) VALUES(157,'CsFs2', 'Augmentar la proporció de faig.',20);
INSERT INTO orgest (id,acronym, descripcio, especie_principal_id) VALUES(158,'CsPl1', 'Mantenir la massa mixta de castanyer i altres planifolis.',20);
INSERT INTO orgest (id,acronym, descripcio, especie_principal_id) VALUES(159,'CsPl2', 'Avançar en la dominància de castanyer.',20);
INSERT INTO orgest (id,acronym, descripcio, especie_principal_id) VALUES(160,'CsPl3', 'Augmentar la proporció d’altres planifolis.',20);
INSERT INTO orgest (id,acronym, descripcio, especie_principal_id) VALUES(161,'CoaCon1', 'Mantenir la massa mixta',30);
INSERT INTO orgest (id,acronym, descripcio, especie_principal_id) VALUES(162,'CoaCon2', 'Augmentar la proporció de les coníferes',30);
INSERT INTO orgest (id,acronym, descripcio, especie_principal_id) VALUES(163,'CoaPl1', 'Mantenir la massa mixta',30);
INSERT INTO orgest (id,acronym, descripcio, especie_principal_id) VALUES(164,'CoaPl2', 'Augmentar la proporció dels planifolis',30);
INSERT INTO orgest (id,acronym, descripcio, especie_principal_id) VALUES(165,'FsPs1', 'Mantenir la massa mixta de faig i pi roig amb una estructura regular.',16);
INSERT INTO orgest (id,acronym, descripcio, especie_principal_id) VALUES(166,'FsPs2', 'Augmentar la proporció del faig amb una estructura regular o irregular.',16);
INSERT INTO orgest (id,acronym, descripcio, especie_principal_id) VALUES(167,'FsAa1', 'Mantenir la massa mixta de faig i avet amb una estructura regular o irregular.',16);
INSERT INTO orgest (id,acronym, descripcio, especie_principal_id) VALUES(168,'FsAa2', 'Avançar en la dominància del faig amb una estructura regular o irregular.',16);
INSERT INTO orgest (id,acronym, descripcio, especie_principal_id) VALUES(169,'FsAa3', 'Augmentar la proporció d’avet amb una estructura irregular.',16);
INSERT INTO orgest (id,acronym, descripcio, especie_principal_id) VALUES(170,'FsPu1', 'Mantenir la massa mixta de faig i pi negre amb una estructura regular o irregular.',16);
INSERT INTO orgest (id,acronym, descripcio, especie_principal_id) VALUES(171,'FsPu2', 'Augmentar la proporció del faig amb una estructura regular o irregular.',16);
INSERT INTO orgest (id,acronym, descripcio, especie_principal_id) VALUES(172,'FsQpe1', 'Mantenir la massa mixta de faig i roure de fulla gran i pènol amb una estructura regular o irregular.',16);
INSERT INTO orgest (id,acronym, descripcio, especie_principal_id) VALUES(173,'FsQpe2', 'Augmentar la proporció de roure de fulla gran i pènol amb una estructura regular o irregular.',16);
INSERT INTO orgest (id,acronym, descripcio, especie_principal_id) VALUES(174,'FsPl1', 'Mantenir la massa mixta de faig i altres planifolis amb una estructura regular o irregular.',16);
INSERT INTO orgest (id,acronym, descripcio, especie_principal_id) VALUES(175,'FsPl2', 'Avançar en la dominància del faig amb una estructura regular o irregular.',16);
INSERT INTO orgest (id,acronym, descripcio, especie_principal_id) VALUES(176,'FsPl3', 'Augmentar la proporció d’altres planifolis amb una estructura regular o irregular.',16);
INSERT INTO orgest (id,acronym, descripcio, especie_principal_id) VALUES(177,'FePs1', 'Mantenir la massa mixta',18);
INSERT INTO orgest (id,acronym, descripcio, especie_principal_id) VALUES(178,'FePs2', 'Avançar en la dominància de freixe',18);
INSERT INTO orgest (id,acronym, descripcio, especie_principal_id) VALUES(179,'FePs3', 'Augmentar la proporció de pi roig',18);
INSERT INTO orgest (id,acronym, descripcio, especie_principal_id) VALUES(180,'FePl1', 'Mantenir la massa mixta',18);
INSERT INTO orgest (id,acronym, descripcio, especie_principal_id) VALUES(181,'FePl2', 'Avançar en la dominància de freixe',18);
INSERT INTO orgest (id,acronym, descripcio, especie_principal_id) VALUES(182,'FePl3', 'Augmentar la proporció d’altres planifolis',18);
INSERT INTO orgest (id,acronym, descripcio, especie_principal_id) VALUES(183,'QcaAl1', 'Mantenir la massa mixta de roures i altres espècies, amb una estructura regular o irregular',13);
INSERT INTO orgest (id,acronym, descripcio, especie_principal_id) VALUES(184,'QcaAl2', 'Avançar en la dominància del roure amb una estructura regular o irregular.',13);
INSERT INTO orgest (id,acronym, descripcio, especie_principal_id) VALUES(185,'QfPn1', 'Mantenir la massa mixta de roure i pinassa amb una estructura regular per al roure i regular o irregular per a la pinassa.',11);
INSERT INTO orgest (id,acronym, descripcio, especie_principal_id) VALUES(186,'QfPn2', 'Avançar en la dominància del roure amb una estructura regular.',11);
INSERT INTO orgest (id,acronym, descripcio, especie_principal_id) VALUES(187,'QfPn3', 'Augmentar la proporció de pinassa amb una estructura regular o semiregular.',11);
INSERT INTO orgest (id,acronym, descripcio, especie_principal_id) VALUES(188,'QfPh1', 'Mantenir la massa mixta de roure de fulla petita i de pi blanc, amb una estructura regular per a ambdues espècies.',11);
INSERT INTO orgest (id,acronym, descripcio, especie_principal_id) VALUES(189,'QfPh2', 'Avançar en la dominància dels roures amb una estructura regular per a ambdues espècies.',11);
INSERT INTO orgest (id,acronym, descripcio, especie_principal_id) VALUES(190,'QfPh3', 'Augmentar la proporció de pi blanc, amb una estructura regular per a ambdues espècies.',11);
INSERT INTO orgest (id,acronym, descripcio, especie_principal_id) VALUES(191,'QfPs1', 'Mantenir la massa mixta de roure i pi roig, amb una estructura regular per a ambdues espècies.',11);
INSERT INTO orgest (id,acronym, descripcio, especie_principal_id) VALUES(192,'QfPs2', 'Avançar en la dominància del roure amb una estructura regular.',11);
INSERT INTO orgest (id,acronym, descripcio, especie_principal_id) VALUES(193,'QfPs3', 'Augmentar la proporció de pi roig, amb una estructura regular per a ambdues espècies.',11);
INSERT INTO orgest (id,acronym, descripcio, especie_principal_id) VALUES(194,'QfPpa1', 'Mantenir la massa mixta de roure i pi pinyer amb una estructura regular per a ambdues espècies.',11);
INSERT INTO orgest (id,acronym, descripcio, especie_principal_id) VALUES(195,'QfPpa2', 'Avançar en la dominància del roure amb una estructura regular.',11);
INSERT INTO orgest (id,acronym, descripcio, especie_principal_id) VALUES(196,'QfPpa3', 'Augmentar la proporció de pi pinyer amb una estructura regularper a ambdues espècies.',11);
INSERT INTO orgest (id,acronym, descripcio, especie_principal_id) VALUES(197,'QfQi1', 'Mantenir la massa mixta de roures, carrasca o alzina, amb una estructura regular.',11);
INSERT INTO orgest (id,acronym, descripcio, especie_principal_id) VALUES(198,'QfQi2', 'Avançar en la dominància del roure amb una estructura regular.',11);
INSERT INTO orgest (id,acronym, descripcio, especie_principal_id) VALUES(199,'QfQi3', 'Augmentar la proporció de carrasca o alzina amb una estructura regular.',11);
INSERT INTO orgest (id,acronym, descripcio, especie_principal_id) VALUES(200,'QhPn1', 'Mantenir la massa mixta de roure i pinassa amb una estructura regular o semiregular del roure i regular o irregular de la pinassa.',7);
INSERT INTO orgest (id,acronym, descripcio, especie_principal_id) VALUES(201,'QhPn2', 'Avançar en la dominància del roure amb una estructura regular o semiregular.',7);
INSERT INTO orgest (id,acronym, descripcio, especie_principal_id) VALUES(202,'QhPn3', 'Augmentar la proporció de pinassa amb una estructura regular o semiregular per al roure i regular o irregular per a la pinassa.',7);
INSERT INTO orgest (id,acronym, descripcio, especie_principal_id) VALUES(203,'QhPs1', 'Mantenir la massa mixta de roure i pi roig, amb una estructura regular o semiregular per al roure i regular per al pi roig.',7);
INSERT INTO orgest (id,acronym, descripcio, especie_principal_id) VALUES(204,'QhPs2', 'Avançar en la dominància del roure amb una estructura regular o semiregular.',7);
INSERT INTO orgest (id,acronym, descripcio, especie_principal_id) VALUES(205,'QhPs3', 'Augmentar la proporció de pi roig amb una estructura regular o semiregular per al roure i regular per al pi roig.',7);
INSERT INTO orgest (id,acronym, descripcio, especie_principal_id) VALUES(206,'QhPm1', 'Mantenir la massa mixta de roure martinenc i pins mediterranis (pi blanc, pi pinyer, pinastre), amb una estructura regular o semiregular per al roure i regular per als pins.',7);
INSERT INTO orgest (id,acronym, descripcio, especie_principal_id) VALUES(207,'QhPm2', 'Avançar en la dominància del roure amb una estructura regular o semiregular.',7);
INSERT INTO orgest (id,acronym, descripcio, especie_principal_id) VALUES(208,'QhPm3', 'Augmentar la proporció de pi blanc, pi pinyer o pinastre amb una estructura regular o semiregular per als roures i regular per als pins.',7);
INSERT INTO orgest (id,acronym, descripcio, especie_principal_id) VALUES(209,'QhQib1', 'Mantenir la massa mixta de roures i carrasca, amb una estructura regular o semiregular.',7);
INSERT INTO orgest (id,acronym, descripcio, especie_principal_id) VALUES(210,'QhQii1', 'Mantenir la massa mixta de roures i alzina, amb una estructura regular o semiregular.',7);
INSERT INTO orgest (id,acronym, descripcio, especie_principal_id) VALUES(211,'QhQii2', 'Augmentar la proporció d’alzina amb una estructura regular o semirregular.',7);
INSERT INTO orgest (id,acronym, descripcio, especie_principal_id) VALUES(212,'QhQs1', 'Mantenir la massa mixta de roure i surera, amb una estructura regular o semiregular.',7);
INSERT INTO orgest (id,acronym, descripcio, especie_principal_id) VALUES(213,'QhQs2', 'Avançar en la dominància del roure amb una estructura regular o semiregular.',7);
INSERT INTO orgest (id,acronym, descripcio, especie_principal_id) VALUES(214,'QhQs3', 'Augmentar la proporció de sureres amb una estructura regular o semiregular.',7);
INSERT INTO orgest (id,acronym, descripcio, especie_principal_id) VALUES(215,'QhPl1', 'Mantenir la massa mixta de roures i altres planifolis, amb una estructura regular o semiregular.',7);
INSERT INTO orgest (id,acronym, descripcio, especie_principal_id) VALUES(216,'QhPl2', 'Avançar en la dominància del roure amb una estructura regular o semiregular.',7);
INSERT INTO orgest (id,acronym, descripcio, especie_principal_id) VALUES(217,'QhPl3', 'Augmentar la proporció d’altres planifolis amb una estructura regular o semiregular.',7);
INSERT INTO orgest (id,acronym, descripcio, especie_principal_id) VALUES(218,'QibPh1', 'Mantenir la massa mixta de carrasca i pi blanc, amb una estructura regular.',9);
INSERT INTO orgest (id,acronym, descripcio, especie_principal_id) VALUES(219,'QibPh2', 'Avançar en la dominància de la carrasca amb una estructura regular o irregular.',9);
INSERT INTO orgest (id,acronym, descripcio, especie_principal_id) VALUES(220,'QibPs1', 'Mantenir la massa mixta de carrasca i pi roig, amb una estructura regular.',9);
INSERT INTO orgest (id,acronym, descripcio, especie_principal_id) VALUES(221,'QibPs2', 'Avançar en la dominància de la carrasca amb una estructura regular.',9);
INSERT INTO orgest (id,acronym, descripcio, especie_principal_id) VALUES(222,'QibPn1', 'Mantenir la massa mixta de carrasca i pinassa, amb una estructura regular per al carrascar, i regular o irregular per a la pinassa.',9);
INSERT INTO orgest (id,acronym, descripcio, especie_principal_id) VALUES(223,'QibPn2', 'Avançar en la dominància de la carrasca amb una estructura regular.',9);
INSERT INTO orgest (id,acronym, descripcio, especie_principal_id) VALUES(224,'QibPn3', 'Augmentar la proporció de pinassa amb una estructura regular per al carrascar, i regular o irregular per a la pinassa.',9);
INSERT INTO orgest (id,acronym, descripcio, especie_principal_id) VALUES(225,'QibQu1', 'Mantenir la massa mixta d’alzina i roures, amb una estructura regular.',9);
INSERT INTO orgest (id,acronym, descripcio, especie_principal_id) VALUES(226,'QibQu2', 'Avançar en la dominància de la carrasca amb una estructura regular o irregular.',9);
INSERT INTO orgest (id,acronym, descripcio, especie_principal_id) VALUES(227,'QibQu3', 'Augmentar la proporció de roures amb una estructura regular.',9);
INSERT INTO orgest (id,acronym, descripcio, especie_principal_id) VALUES(228,'QiiP1', 'Mantenir la massa mixta d’alzina i pi blanc, pi pinyer o pinastre amb una estructura regular o irregular per a l’alzina i regular per als pins.',8);
INSERT INTO orgest (id,acronym, descripcio, especie_principal_id) VALUES(229,'QiiP2', 'Avançar en la dominància de l’alzina amb una estructura regular o irregular.',8);
INSERT INTO orgest (id,acronym, descripcio, especie_principal_id) VALUES(230,'QiiP3', 'Augmentar la proporció de pi blanc, pi pinyer o pinastre amb una estructura regular o irregular per a l’alzina i regular per als pins.',8);
INSERT INTO orgest (id,acronym, descripcio, especie_principal_id) VALUES(231,'QiiPn1', 'Mantenir la massa mixta d’alzina i pinassa amb una estructura regular o irregular de la massa en conjunt.',8);
INSERT INTO orgest (id,acronym, descripcio, especie_principal_id) VALUES(232,'QiiPn2', 'Avançar en la dominància de l’alzina amb una estructura regular o irregular.',8);
INSERT INTO orgest (id,acronym, descripcio, especie_principal_id) VALUES(233,'QiiPn3', 'Augmentar la proporció de pinassa amb una estructura regular o irregular.',8);
INSERT INTO orgest (id,acronym, descripcio, especie_principal_id) VALUES(234,'QiiPs1', 'Mantenir la massa mixta d’alzina i pi roig, amb una estructura regular o irregular per a l’alzina i regular per al pi roig.',8);
INSERT INTO orgest (id,acronym, descripcio, especie_principal_id) VALUES(235,'QiiPs2', 'Avançar en la dominància de l’alzina amb una estructura regular o irregular.',8);
INSERT INTO orgest (id,acronym, descripcio, especie_principal_id) VALUES(236,'QiiPs3', 'Augmentar la proporció de pi roig amb una estructura regular o irregular per a l’alzina i regular per al pi roig.',8);
INSERT INTO orgest (id,acronym, descripcio, especie_principal_id) VALUES(237,'QiiPr1', 'Mantenir la massa mixta d’alzina i pi insigne, amb una estructura regular o irregular per a l’alzina i regular per al pi insigne.',8);
INSERT INTO orgest (id,acronym, descripcio, especie_principal_id) VALUES(238,'QiiPr2', 'Avançar en la dominància de l’alzina amb una estructura regular o irregular.',8);
INSERT INTO orgest (id,acronym, descripcio, especie_principal_id) VALUES(239,'QiiPr3', 'Augmentar la proporció de pi insigne.',8);
INSERT INTO orgest (id,acronym, descripcio, especie_principal_id) VALUES(240,'QiiQs1', 'Mantenir la massa mixta d’alzina i surera, amb una estructura regular o irregular.',8);
INSERT INTO orgest (id,acronym, descripcio, especie_principal_id) VALUES(241,'QiiQs2', 'Avançar en la dominància de l’alzina amb una estructura regular o irregular.',8);
INSERT INTO orgest (id,acronym, descripcio, especie_principal_id) VALUES(242,'QiiQs3', 'Augmentar la proporció de sureres amb una estructura regular o irregular.',8);
INSERT INTO orgest (id,acronym, descripcio, especie_principal_id) VALUES(243,'QiiQu1', 'Mantenir la massa mixta d’alzina i roures, amb una estructura regular o irregular.',8);
INSERT INTO orgest (id,acronym, descripcio, especie_principal_id) VALUES(244,'QiiQu2', 'Avançar en la dominància de l’alzina amb una estructura regular o irregular.',8);
INSERT INTO orgest (id,acronym, descripcio, especie_principal_id) VALUES(245,'QiiQu3', 'Augmentar la proporció de roures amb una estructura regular o irregular.',8);
INSERT INTO orgest (id,acronym, descripcio, especie_principal_id) VALUES(246,'QiiPl1', 'Mantenir la massa mixta d’alzina i altres planifolis, amb una estructura regular o irregular.',8);
INSERT INTO orgest (id,acronym, descripcio, especie_principal_id) VALUES(247,'QiiPl2', 'Avançar en la dominància de l’alzina amb una estructura regular o irregular.',8);
INSERT INTO orgest (id,acronym, descripcio, especie_principal_id) VALUES(248,'QiiPl3', 'Augmentar la proporció d’altres planifolis amb una estructura regular o irregular.',8);
INSERT INTO orgest (id,acronym, descripcio, especie_principal_id) VALUES(249,'QiiAu1', 'Mantenir la massa mixta d’alzina i arboç, amb una estructura regular o irregular.',8);
INSERT INTO orgest (id,acronym, descripcio, especie_principal_id) VALUES(250,'QiiAu2', 'Avançar en la dominància de l’alzina amb una estructura regular o irregular.',8);
INSERT INTO orgest (id,acronym, descripcio, especie_principal_id) VALUES(251,'QiiAu3', 'Augmentar la proporció d’arboç amb una estructura regular o irregular.',8);
INSERT INTO orgest (id,acronym, descripcio, especie_principal_id) VALUES(252,'QpePs1', 'Mantenir la massa mixta de roure de fulla gran i pi roig, amb una estructura regular o irregular per al roure i regular per al pi roig.',14);
INSERT INTO orgest (id,acronym, descripcio, especie_principal_id) VALUES(253,'QpePs2', 'Augmentar la proporció del roure de fulla gran amb una estructura regular o irregular.',14);
INSERT INTO orgest (id,acronym, descripcio, especie_principal_id) VALUES(254,'QpePs3', 'Avançar en la dominància del pi roig',14);
INSERT INTO orgest (id,acronym, descripcio, especie_principal_id) VALUES(255,'QpeQii1', 'Mantenir la massa mixta de roure de fulla gran i alzina amb una estructura regular o irregular.',14);
INSERT INTO orgest (id,acronym, descripcio, especie_principal_id) VALUES(256,'QpeQii2', 'Avançar en la dominància del roure amb una estructura regular o irregular.',14);
INSERT INTO orgest (id,acronym, descripcio, especie_principal_id) VALUES(257,'QpeQii3', 'Augmentar la proporció d’alzina',14);
INSERT INTO orgest (id,acronym, descripcio, especie_principal_id) VALUES(258,'QpeFs1', 'Mantenir la massa mixta de roure de fulla gran i faig amb una estructura regular o irregular.',14);
INSERT INTO orgest (id,acronym, descripcio, especie_principal_id) VALUES(259,'QpeFs2', 'Augmentar la proporció de roure de fulla gran amb una estructura regular o irregular.',14);
INSERT INTO orgest (id,acronym, descripcio, especie_principal_id) VALUES(260,'QpePl1', 'Mantenir la massa mixta de roure de fulla gran i altres planifolis amb una estructura regular o irregular.',14);
INSERT INTO orgest (id,acronym, descripcio, especie_principal_id) VALUES(261,'QpePl2', 'Avançar en la dominància del roure de fulla gran amb una estructura regular o irregular.',14);
INSERT INTO orgest (id,acronym, descripcio, especie_principal_id) VALUES(262,'QpePl3', 'Augmentar la proporció d’altres planifolis amb una estructura regular o irregular.',14);
INSERT INTO orgest (id,acronym, descripcio, especie_principal_id) VALUES(263,'QpyPs1', 'Mantenir la massa mixta de roure i pi roig, amb una estructura regular o irregular per al roure i per al pi roig.',12);
INSERT INTO orgest (id,acronym, descripcio, especie_principal_id) VALUES(264,'QpyPs2', 'Avançar en la dominància del roure amb una estructura regular o irregular.',12);
INSERT INTO orgest (id,acronym, descripcio, especie_principal_id) VALUES(265,'QpyAl1', 'Mantenir la massa mixta de roures i altres espècies amb una estructura regular o irregular.',12);
INSERT INTO orgest (id,acronym, descripcio, especie_principal_id) VALUES(266,'QpyAl2', 'Avançar en la dominància del roure amb una estructura regular o irregular.',12);
INSERT INTO orgest (id,acronym, descripcio, especie_principal_id) VALUES(267,'QrCm1', 'Mantenir la massa mixta de roure pènol i coníferes de muntanya amb una estructura regular o irregular.',15);
INSERT INTO orgest (id,acronym, descripcio, especie_principal_id) VALUES(268,'QrCm2', 'Augmentar la proporció del roure pènol amb una estructura regular o irregular.',15);
INSERT INTO orgest (id,acronym, descripcio, especie_principal_id) VALUES(269,'QrPl1', 'Mantenir la massa mixta de roure pènol i altres planifolis amb una estructura regular o irregular.',15);
INSERT INTO orgest (id,acronym, descripcio, especie_principal_id) VALUES(270,'QrPl2', 'Avançar en la dominància del roure pènol amb una estructura regular o irregular.',15);
INSERT INTO orgest (id,acronym, descripcio, especie_principal_id) VALUES(271,'QrPl3', 'Augmentar la proporció d’altres planifolis amb una estructura regular o irregular.',15);
INSERT INTO orgest (id,acronym, descripcio, especie_principal_id) VALUES(272,'QsPh1', 'Mantenir la massa mixta de surera i pi blanc amb una estructura regular o irregular per a la surera i regular per al pi blanc.',10);
INSERT INTO orgest (id,acronym, descripcio, especie_principal_id) VALUES(273,'QsPh2', 'Avançar en la dominància de la surera amb una estructura regular o irregular.',10);
INSERT INTO orgest (id,acronym, descripcio, especie_principal_id) VALUES(274,'QsPh3', 'Augmentar la proporció de la pi blanc.',10);
INSERT INTO orgest (id,acronym, descripcio, especie_principal_id) VALUES(275,'QsPpa1', 'Mantenir la massa mixta de surera i pi pinyer amb una estructura regular o irregular.',10);
INSERT INTO orgest (id,acronym, descripcio, especie_principal_id) VALUES(276,'QsPpa2', 'Avançar en la dominància de la surera amb una estructura regular o irregular.',10);
INSERT INTO orgest (id,acronym, descripcio, especie_principal_id) VALUES(277,'QsPpa3', 'Augmentar la proporció de pi pinyer, amb una estructura regular o irregular.',10);
INSERT INTO orgest (id,acronym, descripcio, especie_principal_id) VALUES(278,'QsPpr1', 'Mantenir la massa mixta de surera i pinastre amb una estructura regular o irregular.',10);
INSERT INTO orgest (id,acronym, descripcio, especie_principal_id) VALUES(279,'QsPpr2', 'Avançar en la dominància de la surera amb una estructura regular o irregular.',10);
INSERT INTO orgest (id,acronym, descripcio, especie_principal_id) VALUES(280,'QsPpr3', 'Augmentar la proporció de pi roig, amb una estructura regular per a ambdues espècies.',10);
INSERT INTO orgest (id,acronym, descripcio, especie_principal_id) VALUES(281,'QsQii1', 'Mantenir la massa mixta de surera i alzina amb una estructura regular o irregular.',10);
INSERT INTO orgest (id,acronym, descripcio, especie_principal_id) VALUES(282,'QsQii2', 'Avançar en la dominància de la surera amb una estructura regular o irregular.',10);
INSERT INTO orgest (id,acronym, descripcio, especie_principal_id) VALUES(283,'QsQii3', 'Augmentar la proporció d’alzina amb una estructura regular o irregular.',10);
INSERT INTO orgest (id,acronym, descripcio, especie_principal_id) VALUES(284,'QsQu1', 'Mantenir la massa mixta de surera i roures amb una estructura regular o irregular.',10);
INSERT INTO orgest (id,acronym, descripcio, especie_principal_id) VALUES(285,'QsQu2', 'Avançar en la dominància de la surera amb una estructura regular o irregular.',10);
INSERT INTO orgest (id,acronym, descripcio, especie_principal_id) VALUES(286,'QsQu3', 'Augmentar la proporció de roures amb una estructura regular o irregular.',10);
INSERT INTO orgest (id,acronym, descripcio, especie_principal_id) VALUES(287,'QsAu1', 'Mantenir la massa mixta de surera i arboç amb una estructura regular o irregular.',10);
INSERT INTO orgest (id,acronym, descripcio, especie_principal_id) VALUES(288,'QsAu2', 'Avançar en la dominància de la surera amb una estructura regular o irregular.',10);
INSERT INTO orgest (id,acronym, descripcio, especie_principal_id) VALUES(289,'QsAu3', 'Augmentar la proporció d’arboç.',10);
INSERT INTO orgest (id,acronym, descripcio, especie_principal_id) VALUES(290,'QsPl1', 'Mantenir la massa mixta de surera i altres planifolis, amb una estructura regular o irregular.',10);
INSERT INTO orgest (id,acronym, descripcio, especie_principal_id) VALUES(291,'QsPl2', 'Avançar en la dominància de la surera amb una estructura regular o irregular.',10);
INSERT INTO orgest (id,acronym, descripcio, especie_principal_id) VALUES(292,'QsPl3', 'Augmentar la proporció d’altres planifolis amb una estructura regular o irregular.',10);
INSERT INTO orgest (id,acronym, descripcio, especie_principal_id) VALUES(293,'PhPn1', 'Mantenir la massa mixta de pi blanc i pinassa amb una estructura regularitzada.',5);
INSERT INTO orgest (id,acronym, descripcio, especie_principal_id) VALUES(294,'PhPn2', 'Avançar en la dominància de pi blanc amb una estructura regularitzada.',5);
INSERT INTO orgest (id,acronym, descripcio, especie_principal_id) VALUES(295,'PhPn3', 'Augmentar la proporció de la pinassa amb una estructura regularitzada.',5);
INSERT INTO orgest (id,acronym, descripcio, especie_principal_id) VALUES(296,'PhPn4', 'Avançar cap a una massa mixta de pins i quercines amb una estructura regularitzada.',5);
INSERT INTO orgest (id,acronym, descripcio, especie_principal_id) VALUES(297,'PhPp1', 'Mantenir la massa mixta de pi blanc i pi pinyer amb una estructura regularitzada.',5);
INSERT INTO orgest (id,acronym, descripcio, especie_principal_id) VALUES(298,'PhPp2', 'Avançar en la dominància del pi blanc amb una estructura regularitzada.',5);
INSERT INTO orgest (id,acronym, descripcio, especie_principal_id) VALUES(299,'PhPp3', 'Augmentar la proporció del pi pinyer amb una estructura regularitzada.',5);
INSERT INTO orgest (id,acronym, descripcio, especie_principal_id) VALUES(300,'PhPp4', 'Avançar cap a una massa mixta de pins i quercines amb una estructura regularitzada.',5);
INSERT INTO orgest (id,acronym, descripcio, especie_principal_id) VALUES(301,'PhPs1', 'Mantenir la massa mixta de pi blanc i pi roig amb una estructura regularitzada.',5);
INSERT INTO orgest (id,acronym, descripcio, especie_principal_id) VALUES(302,'PhPs2', 'Avançar en la dominància del pi blanc amb una estructura regularitzada.',5);
INSERT INTO orgest (id,acronym, descripcio, especie_principal_id) VALUES(303,'PhPs3', 'Avançar cap a una massa mixta de pins i quercines amb una estructura regularitzada.',5);
INSERT INTO orgest (id,acronym, descripcio, especie_principal_id) VALUES(304,'PhQib1', 'Mantenir la massa mixta de pi blanc i carrasca (o roure de fulla petita) amb una estructura regularitzada.',5);
INSERT INTO orgest (id,acronym, descripcio, especie_principal_id) VALUES(305,'PhQib2', 'Augmentar la proporció de carrasca (o roure de fulla petita) amb una estructura regularitzada.',5);
INSERT INTO orgest (id,acronym, descripcio, especie_principal_id) VALUES(306,'PhQii1', 'Mantenir la massa mixta de pi blanc i alzina (o pi blanc litoral i altres roures) amb una estructura regularitzada.',5);
INSERT INTO orgest (id,acronym, descripcio, especie_principal_id) VALUES(307,'PhQii2', 'Augmentar la proporció de l’alzina (o els altres roures) amb una estructura regularitzada.',5);
INSERT INTO orgest (id,acronym, descripcio, especie_principal_id) VALUES(308,'PhQs1', 'Mantenir la massa mixta de pi blanc i surera amb una estructura regularitzada.',5);
INSERT INTO orgest (id,acronym, descripcio, especie_principal_id) VALUES(309,'PhQs2', 'Augmentar la proporció de surera (i altres quercines) amb una estructura regularitzada.',5);
INSERT INTO orgest (id,acronym, descripcio, especie_principal_id) VALUES(310,'PhBmm1', 'Mantenir la massa mixta de pi blanc i altres pins i frondoses amb una estructura regularitzada.',5);
INSERT INTO orgest (id,acronym, descripcio, especie_principal_id) VALUES(311,'PhBmm2', 'Augmentar la proporció de frondoses amb una estructura regularitzada.',5);
INSERT INTO orgest (id,acronym, descripcio, especie_principal_id) VALUES(312,'PnPs1', 'Mantenir la massa mixta de pinassa i pi roig amb una estructura regular o irregular.',4);
INSERT INTO orgest (id,acronym, descripcio, especie_principal_id) VALUES(313,'PnPs2', 'Avançar en la dominància de la pinassa amb una estructura regular o irregular.',4);
INSERT INTO orgest (id,acronym, descripcio, especie_principal_id) VALUES(314,'PnPs3', 'Augmentar la proporció de pi roig amb una estructura regular o irregular.',4);
INSERT INTO orgest (id,acronym, descripcio, especie_principal_id) VALUES(315,'PnPs4', 'Avançar cap a una massa mixta de pins i quercines amb una estructura regular o irregular.',4);
INSERT INTO orgest (id,acronym, descripcio, especie_principal_id) VALUES(316,'PnPh1', 'Mantenir la massa mixta de pinassa i pi blanc amb una estructura regular o regularitzada.',4);
INSERT INTO orgest (id,acronym, descripcio, especie_principal_id) VALUES(317,'PnPh2', 'Avançar en la dominància de la pinassa amb una estructura regular o irregular.',4);
INSERT INTO orgest (id,acronym, descripcio, especie_principal_id) VALUES(318,'PnPh3', 'Avançar cap a una massa mixta de pins i quercines amb una estructura regular o regularitzada.',4);
INSERT INTO orgest (id,acronym, descripcio, especie_principal_id) VALUES(319,'PnQi1', 'Mantenir la massa mixta de pinassa i carrasca, amb una estructura regular.',4);
INSERT INTO orgest (id,acronym, descripcio, especie_principal_id) VALUES(320,'PnQi2', 'Avançar en la dominància de la pinassa amb una estructura regular o irregular.',4);
INSERT INTO orgest (id,acronym, descripcio, especie_principal_id) VALUES(321,'PnQu1', 'Mantenir la massa mixta de pinassa i roures amb una estructura regular.',4);
INSERT INTO orgest (id,acronym, descripcio, especie_principal_id) VALUES(322,'PnQu2', 'Avançar en la dominància de la pinassa amb una estructura regular o irregular.',4);
INSERT INTO orgest (id,acronym, descripcio, especie_principal_id) VALUES(323,'PnQu3', 'Augmentar la proporció de pinassa amb una estructura regular o irregular.',4);
INSERT INTO orgest (id,acronym, descripcio, especie_principal_id) VALUES(324,'PnBms1', 'Mantenir la massa mixta del bosc submediterrani de pinassa, pi roig i frondoses amb una estructura regular.',4);
INSERT INTO orgest (id,acronym, descripcio, especie_principal_id) VALUES(325,'PnBms2', 'Augmentar la proporció de frondoses per avançar cap a una massa mixta de pinassa i frondoses amb una estructura regular o irregular.',4);
INSERT INTO orgest (id,acronym, descripcio, especie_principal_id) VALUES(326,'PnBms3', 'Augmentar la proporció de frondoses per avançar cap a una massa mixta dominada per frondoses, amb una estructura regular o irregular.',4);
INSERT INTO orgest (id,acronym, descripcio, especie_principal_id) VALUES(327,'PnBmm1', 'Mantenir la massa mixta del bosc submediterrani de pinassa, pi blanc i frondoses amb una estructura regular.',4);
INSERT INTO orgest (id,acronym, descripcio, especie_principal_id) VALUES(328,'PnBmm2', 'Augmentar la proporció de frondoses per avançar cap a una massa mixta de pinassa i frondoses amb una estructura regular o irregular.',4);
INSERT INTO orgest (id,acronym, descripcio, especie_principal_id) VALUES(329,'PnBmm3', 'Augmentar la proporció de frondoses per avançar cap a una massa mixta dominada per frondoses, amb una estructura regular o irregular.',4);
INSERT INTO orgest (id,acronym, descripcio, especie_principal_id) VALUES(330,'PpaPh1', 'Mantenir la massa mixta',6);
INSERT INTO orgest (id,acronym, descripcio, especie_principal_id) VALUES(331,'PpaPh2', 'Avançar en la dominància de pi pinyer',6);
INSERT INTO orgest (id,acronym, descripcio, especie_principal_id) VALUES(332,'PpaPh3', 'Augmentar la proporció de pi blanc o avançar cap a una massa mixta de pins i frondoses',6);
INSERT INTO orgest (id,acronym, descripcio, especie_principal_id) VALUES(333,'PpaPpr1', 'Mantenir la massa mixta',6);
INSERT INTO orgest (id,acronym, descripcio, especie_principal_id) VALUES(334,'PpaPpr2', 'Avançar en la dominància de pi pinyer',6);
INSERT INTO orgest (id,acronym, descripcio, especie_principal_id) VALUES(335,'PpaPpr3', 'Augmentar la proporció de pinastre o avançar cap a una massa mixta de pins i frondoses',6);
INSERT INTO orgest (id,acronym, descripcio, especie_principal_id) VALUES(336,'PpaQi1', 'Mantenir la massa mixta',6);
INSERT INTO orgest (id,acronym, descripcio, especie_principal_id) VALUES(337,'PpaQi2', 'Avançar en la dominància de pi pinyer',6);
INSERT INTO orgest (id,acronym, descripcio, especie_principal_id) VALUES(338,'PpaQi3', 'Augmentar la proporció d’alzina (o carrasca)',6);
INSERT INTO orgest (id,acronym, descripcio, especie_principal_id) VALUES(339,'PpaQu1', 'Mantenir la massa mixta',6);
INSERT INTO orgest (id,acronym, descripcio, especie_principal_id) VALUES(340,'PpaQu2', 'Avançar en la dominància de pi pinyer',6);
INSERT INTO orgest (id,acronym, descripcio, especie_principal_id) VALUES(341,'PpaQu3', 'Augmentar la proporció de roures',6);
INSERT INTO orgest (id,acronym, descripcio, especie_principal_id) VALUES(342,'PpaQs1', 'Mantenir la massa mixta',6);
INSERT INTO orgest (id,acronym, descripcio, especie_principal_id) VALUES(343,'PpaQs2', 'Avançar en la dominància de pi pinyer',6);
INSERT INTO orgest (id,acronym, descripcio, especie_principal_id) VALUES(344,'PpaQs3', 'Augmentar la proporció de surera',6);
INSERT INTO orgest (id,acronym, descripcio, especie_principal_id) VALUES(345,'PpaBm1', 'Mantenir la massa mixta',6);
INSERT INTO orgest (id,acronym, descripcio, especie_principal_id) VALUES(346,'PpaBm2', 'Avançar en la dominància de pi pinyer',6);
INSERT INTO orgest (id,acronym, descripcio, especie_principal_id) VALUES(347,'PpaBm3', 'Augmentar la proporció de frondoses',6);
INSERT INTO orgest (id,acronym, descripcio, especie_principal_id) VALUES(348,'PsPn1', 'Mantenir la massa mixta de pi roig i pinassa amb una estructura regular o irregular.',3);
INSERT INTO orgest (id,acronym, descripcio, especie_principal_id) VALUES(349,'PsPn2', 'Avançar en la dominància del pi roig amb una estructura regular o irregular.',3);
INSERT INTO orgest (id,acronym, descripcio, especie_principal_id) VALUES(350,'PsPn3', 'Augmentar la proporció de la pinassa amb una estructura regular o irregular.',3);
INSERT INTO orgest (id,acronym, descripcio, especie_principal_id) VALUES(351,'PsPn4', 'Avançar cap a una massa mixta de pins i planifolis amb una estructura regular o irregular.',3);
INSERT INTO orgest (id,acronym, descripcio, especie_principal_id) VALUES(352,'PsPu1', 'Mantenir la massa mixta de pi roig i pi negre amb una estructura regular o irregular.',3);
INSERT INTO orgest (id,acronym, descripcio, especie_principal_id) VALUES(353,'PsPu2', 'Avançar en la dominància del pi roig amb una estructura regular o irregular.',3);
INSERT INTO orgest (id,acronym, descripcio, especie_principal_id) VALUES(354,'PsPu3', 'Augmentar la proporció del pi negre amb una estructura regular o irregular.',3);
INSERT INTO orgest (id,acronym, descripcio, especie_principal_id) VALUES(355,'PsPu4', 'Avançar cap a una massa mixta de pins i altres espècies amb una estructura regular.',3);
INSERT INTO orgest (id,acronym, descripcio, especie_principal_id) VALUES(356,'PsAa1', 'Mantenir la massa mixta de pi roig i avet amb una estructura regular o irregular.',3);
INSERT INTO orgest (id,acronym, descripcio, especie_principal_id) VALUES(357,'PsAa2', 'Avançar en la dominància del pi roig amb una estructura regular.',3);
INSERT INTO orgest (id,acronym, descripcio, especie_principal_id) VALUES(358,'PsAa3', 'Augmentar la proporció de l’avet amb una estructura irregular.',3);
INSERT INTO orgest (id,acronym, descripcio, especie_principal_id) VALUES(359,'PsPm1', 'Mantenir la massa mixta de pi roig i pins mediterranis amb una estructura regular.',3);
INSERT INTO orgest (id,acronym, descripcio, especie_principal_id) VALUES(360,'PsPm2', 'Augmentar la proporció dels pins mediterranis amb una estructura regular.',3);
INSERT INTO orgest (id,acronym, descripcio, especie_principal_id) VALUES(361,'PsPm3', 'Avançar cap a una massa mixta de pins i planifolis amb una estructura regular.',3);
INSERT INTO orgest (id,acronym, descripcio, especie_principal_id) VALUES(362,'PsQii1', 'Mantenir la massa mixta de pi roig i pinassa amb una estructura regular.',3);
INSERT INTO orgest (id,acronym, descripcio, especie_principal_id) VALUES(363,'PsQii2', 'Avançar en la dominància del pi roig amb una estructura regularitzada.',3);
INSERT INTO orgest (id,acronym, descripcio, especie_principal_id) VALUES(364,'PsQii3', 'Augmentar la proporció de l’alzina amb una estructura regular o irregular.',3);
INSERT INTO orgest (id,acronym, descripcio, especie_principal_id) VALUES(365,'PsQib1', 'Mantenir la massa mixta de pi roig i carrasca amb una estructura regular.',3);
INSERT INTO orgest (id,acronym, descripcio, especie_principal_id) VALUES(366,'PsQib2', 'Augmentar la proporció de la carrasca amb una estructura regular.',3);
INSERT INTO orgest (id,acronym, descripcio, especie_principal_id) VALUES(367,'PsQh1', 'Mantenir la massa mixta de pi roig i roure martinenc amb una estructura regular.',3);
INSERT INTO orgest (id,acronym, descripcio, especie_principal_id) VALUES(368,'PsQh2', 'Avançar en la dominància del pi roig amb una estructura regular.',3);
INSERT INTO orgest (id,acronym, descripcio, especie_principal_id) VALUES(369,'PsQh3', 'Augmentar la proporció del roure martinenc amb una estructura regular o irregular.',3);
INSERT INTO orgest (id,acronym, descripcio, especie_principal_id) VALUES(370,'PsQf1', 'Mantenir la massa mixta de pi roig i roure de fulla petita amb una estructura regular.',3);
INSERT INTO orgest (id,acronym, descripcio, especie_principal_id) VALUES(371,'PsQf2', 'Avançar en la dominància del pi roig amb una estructura regular.',3);
INSERT INTO orgest (id,acronym, descripcio, especie_principal_id) VALUES(372,'PsQf3', 'Augmentar la proporció del roure de fulla petita amb una estructura regular o irregular.',3);
INSERT INTO orgest (id,acronym, descripcio, especie_principal_id) VALUES(373,'PsQpy1', 'Mantenir la massa mixta de pi roig i roure reboll amb una estructura regular.',3);
INSERT INTO orgest (id,acronym, descripcio, especie_principal_id) VALUES(374,'PsQpy2', 'Augmentar la proporció del roure reboll amb una estructura regular o irregular.',3);
INSERT INTO orgest (id,acronym, descripcio, especie_principal_id) VALUES(375,'PsFs1', 'Mantenir la massa mixta de pi roig i faig amb una estructura regular.',3);
INSERT INTO orgest (id,acronym, descripcio, especie_principal_id) VALUES(376,'PsFs2', 'Avançar en la dominància del pi roig amb una estructura regularitzada.',3);
INSERT INTO orgest (id,acronym, descripcio, especie_principal_id) VALUES(377,'PsFs3', 'Augmentar la proporció del faig amb una estructura regular o irregular.',3);
INSERT INTO orgest (id,acronym, descripcio, especie_principal_id) VALUES(378,'PsQp1', 'Mantenir la massa mixta de pi roig i roure de fulla gran amb una estructura regular.',3);
INSERT INTO orgest (id,acronym, descripcio, especie_principal_id) VALUES(379,'PsQp2', 'Avançar en la dominància del pi roig amb una estructura regular.',3);
INSERT INTO orgest (id,acronym, descripcio, especie_principal_id) VALUES(380,'PsQp3', 'Augmentar la proporció del roure de fulla gran amb una estructura regular o irregular.',3);
INSERT INTO orgest (id,acronym, descripcio, especie_principal_id) VALUES(381,'PsBe1', 'Mantenir la massa mixta de pi roig i bedoll amb una estructura regular.',3);
INSERT INTO orgest (id,acronym, descripcio, especie_principal_id) VALUES(382,'PsBe2', 'Avançar en la dominància del pi roig amb una estructura regular o irregular.',3);
INSERT INTO orgest (id,acronym, descripcio, especie_principal_id) VALUES(383,'PsAc1', 'Mantenir la massa mixta de pi roig i aurons i blades amb una estructura regular o irregular.',3);
INSERT INTO orgest (id,acronym, descripcio, especie_principal_id) VALUES(384,'PsAc2', 'Augmentar la proporció dels aurons i les blades amb una estructura regular o irregular.',3);
INSERT INTO orgest (id,acronym, descripcio, especie_principal_id) VALUES(385,'PsCm1', 'Mantenir la massa mixta de pi roig i altres caducifolis de muntanya amb una estructura regular.',3);
INSERT INTO orgest (id,acronym, descripcio, especie_principal_id) VALUES(386,'PsCm2', 'Avançar en la dominància del pi roig amb una estructura regular.',3);
INSERT INTO orgest (id,acronym, descripcio, especie_principal_id) VALUES(387,'PsCm3', 'Augmentar la proporció dels caducifolis de muntanya amb una estructura regular o irregular.',3);
INSERT INTO orgest (id,acronym, descripcio, especie_principal_id) VALUES(388,'PsBm1', 'Mantenir la massa mixta del bosc submediterrani de pi roig i altres pins i frondoses amb una estructura regular.',3);
INSERT INTO orgest (id,acronym, descripcio, especie_principal_id) VALUES(389,'PsBm2', 'Avançar en la dominància del pi roig amb una estructura regular.',3);
INSERT INTO orgest (id,acronym, descripcio, especie_principal_id) VALUES(390,'PsBm3', 'Augmentar la proporció dels altres pins i les frondoses amb una estructura regular o irregular.',3);
INSERT INTO orgest (id,acronym, descripcio, especie_principal_id) VALUES(391,'PuPs1', 'Mantenir la massa mixta',2);
INSERT INTO orgest (id,acronym, descripcio, especie_principal_id) VALUES(392,'PuPs2', 'Avançar en la dominància del pi negre',2);
INSERT INTO orgest (id,acronym, descripcio, especie_principal_id) VALUES(393,'PuPs3', 'Augmentar la proporció de pi roig',2);
INSERT INTO orgest (id,acronym, descripcio, especie_principal_id) VALUES(394,'PuAa1', 'Mantenir la massa mixta',2);
INSERT INTO orgest (id,acronym, descripcio, especie_principal_id) VALUES(395,'PuAa2', 'Avançar en la dominància del pi negre',2);
INSERT INTO orgest (id,acronym, descripcio, especie_principal_id) VALUES(396,'PuAa3', 'Augmentar la proporció d’avet',2);
INSERT INTO orgest (id,acronym, descripcio, especie_principal_id) VALUES(397,'PuBpe1', 'Mantenir la massa mixta',2);
INSERT INTO orgest (id,acronym, descripcio, especie_principal_id) VALUES(398,'PuBpe2', 'Avançar en la dominància del pi negre',2);
INSERT INTO orgest (id,acronym, descripcio, especie_principal_id) VALUES(399,'PuCm1', 'Mantenir la massa mixta',2);
INSERT INTO orgest (id,acronym, descripcio, especie_principal_id) VALUES(400,'PuCm2', 'Avançar en la dominància del pi negre',2);
INSERT INTO orgest (id,acronym, descripcio, especie_principal_id) VALUES(401,'PprAl01', 'Qualsevol qualitat d’estació. Plantacions ja existents. Diversificació amb altres espècies / substitució (Model regular per al pinastre. Aclarides mixtes amb obertures puntuals o per claps per fomentar altres espècies o tallada en una sola intervenció).',46);

insert into especie_formacio_arborea (id,nom,acronym) values(3,'Aa-Abies alba','Acc-Acer campestre');
insert into especie_formacio_arborea (id,nom,acronym) values(93,'Acc-Acer campestre','Acm-Acer monspessulanum');
insert into especie_formacio_arborea (id,nom,acronym) values(94,'Acm-Acer monspessulanum','Aco-Acer opalus/granatense');
insert into especie_formacio_arborea (id,nom,acronym) values(95,'Aco-Acer opalus/granatense','Acp-Acer platanoides');
insert into especie_formacio_arborea (id,nom,acronym) values(97,'Acp-Acer platanoides','Acs-Acer pseudoplatanus');
insert into especie_formacio_arborea (id,nom,acronym) values(98,'Acs-Acer pseudoplatanus','Alg-Alnus glutinosa');
insert into especie_formacio_arborea (id,nom,acronym) values(99,'Alg-Alnus glutinosa','Au-Arbutus unedo');
insert into especie_formacio_arborea (id,nom,acronym) values(306,'Au-Arbutus unedo','Bpe-Betula pendula');
insert into especie_formacio_arborea (id,nom,acronym) values(100,'Bpe-Betula pendula','Bpu-Betula pubescens');
insert into especie_formacio_arborea (id,nom,acronym) values(107,'Bpu-Betula pubescens','RIB-Boscos de ribera');
insert into especie_formacio_arborea (id,nom,acronym) values(249,'RIB-Boscos de ribera','Cs-Castanea sativa');
insert into especie_formacio_arborea (id,nom,acronym) values(122,'Cs-Castanea sativa','Ce-Cedrus sp.');
insert into especie_formacio_arborea (id,nom,acronym) values(8,'Ce-Cedrus sp.','Coa-Corylus avellana');
insert into especie_formacio_arborea (id,nom,acronym) values(112,'Coa-Corylus avellana','Eu-Eucalyptus sp.');
insert into especie_formacio_arborea (id,nom,acronym) values(209,'Eu-Eucalyptus sp.','Fs-Fagus sylvatica');
insert into especie_formacio_arborea (id,nom,acronym) values(132,'Fs-Fagus sylvatica','Fa-Fraxinus angustifolia');
insert into especie_formacio_arborea (id,nom,acronym) values(211,'Fa-Fraxinus angustifolia','Fe-Fraxinus excelsior');
insert into especie_formacio_arborea (id,nom,acronym) values(212,'Fe-Fraxinus excelsior','Ia-Ilex aquifolium');
insert into especie_formacio_arborea (id,nom,acronym) values(92,'Ia-Ilex aquifolium','Jr-Juglans regia');
insert into especie_formacio_arborea (id,nom,acronym) values(206,'Jr-Juglans regia','Ji-Juglans x intermedia');
insert into especie_formacio_arborea (id,nom,acronym) values(331,'Ji-Juglans x intermedia','Ju-Juglans sp.');
insert into especie_formacio_arborea (id,nom,acronym) values(205,'Ju-Juglans sp.','Mas-Malus sylvestris');
insert into especie_formacio_arborea (id,nom,acronym) values(334,'Mas-Malus sylvestris','La-Larix sp.');
insert into especie_formacio_arborea (id,nom,acronym) values(10,'La-Larix sp.','Pia-Picea sp.');
insert into especie_formacio_arborea (id,nom,acronym) values(12,'Pia-Picea sp.','Ph-Pinus halepensis');
insert into especie_formacio_arborea (id,nom,acronym) values(16,'Ph-Pinus halepensis','Pn-Pinus nigra');
insert into especie_formacio_arborea (id,nom,acronym) values(25,'Pn-Pinus nigra','Pna-Pinus nigra austriaca');
insert into especie_formacio_arborea (id,nom,acronym) values(311,'Pna-Pinus nigra austriaca','Pnc-Pinus nigra corsicana/calabrica');
insert into especie_formacio_arborea (id,nom,acronym) values(328,'Pnc-Pinus nigra corsicana/calabrica','Ppr-Pinus pinaster');
insert into especie_formacio_arborea (id,nom,acronym) values(44,'Ppr-Pinus pinaster','Ppa-Pinus pinea');
insert into especie_formacio_arborea (id,nom,acronym) values(37,'Ppa-Pinus pinea','Pr-Pinus radiata');
insert into especie_formacio_arborea (id,nom,acronym) values(54,'Pr-Pinus radiata','Ps-Pinus sylvestris');
insert into especie_formacio_arborea (id,nom,acronym) values(60,'Ps-Pinus sylvestris','Pu-Pinus uncinata');
insert into especie_formacio_arborea (id,nom,acronym) values(81,'Pu-Pinus uncinata','Pc-Pinus canariensis');
insert into especie_formacio_arborea (id,nom,acronym) values(330,'Pc-Pinus canariensis','Plh-Platanus x hybrida');
insert into especie_formacio_arborea (id,nom,acronym) values(221,'Plh-Platanus x hybrida','Po-Populus sp.');
insert into especie_formacio_arborea (id,nom,acronym) values(231,'Po-Populus sp.','Pt-Populus tremula');
insert into especie_formacio_arborea (id,nom,acronym) values(236,'Pt-Populus tremula','Pra-Prunus avium');
insert into especie_formacio_arborea (id,nom,acronym) values(225,'Pra-Prunus avium','Ptm-Pseudotsuga menziessi');
insert into especie_formacio_arborea (id,nom,acronym) values(88,'Ptm-Pseudotsuga menziessi','Pyc-Pyrus communis');
insert into especie_formacio_arborea (id,nom,acronym) values(333,'Pyc-Pyrus communis','Qca-Quercus canariens');
insert into especie_formacio_arborea (id,nom,acronym) values(170,'Qca-Quercus canariens','Qf-Quercus faginea');
insert into especie_formacio_arborea (id,nom,acronym) values(171,'Qf-Quercus faginea','Qh-Quercus humilis');
insert into especie_formacio_arborea (id,nom,acronym) values(177,'Qh-Quercus humilis','Qib-Quercus ilex ballota');
insert into especie_formacio_arborea (id,nom,acronym) values(312,'Qib-Quercus ilex ballota','Qii-Quercus ilex ilex');
insert into especie_formacio_arborea (id,nom,acronym) values(144,'Qii-Quercus ilex ilex','Qpe-Quercus petraea');
insert into especie_formacio_arborea (id,nom,acronym) values(192,'Qpe-Quercus petraea','Qpy-Quercus pyrenaica');
insert into especie_formacio_arborea (id,nom,acronym) values(201,'Qpy-Quercus pyrenaica','Qr-Quercus robur');
insert into especie_formacio_arborea (id,nom,acronym) values(203,'Qr-Quercus robur','Qs-Quercus suber');
insert into especie_formacio_arborea (id,nom,acronym) values(161,'Qs-Quercus suber','Qru-Quercus rubra');
insert into especie_formacio_arborea (id,nom,acronym) values(329,'Qru-Quercus rubra','Rp-Robinia pseudoacacia');
insert into especie_formacio_arborea (id,nom,acronym) values(208,'Rp-Robinia pseudoacacia','Sa-Salix sp.');
insert into especie_formacio_arborea (id,nom,acronym) values(241,'Sa-Salix sp.','Soa-Sorbus aria');
insert into especie_formacio_arborea (id,nom,acronym) values(227,'Soa-Sorbus aria','Sou-Sorbus aucuparia');
insert into especie_formacio_arborea (id,nom,acronym) values(228,'Sou-Sorbus aucuparia','Sod-Sorbus domestica');
insert into especie_formacio_arborea (id,nom,acronym) values(332,'Sod-Sorbus domestica','Sot-Sorbus torminalis');
insert into especie_formacio_arborea (id,nom,acronym) values(229,'Sot-Sorbus torminalis','Tb-Taxus baccata');
insert into especie_formacio_arborea (id,nom,acronym) values(91,'Tb-Taxus baccata','Tic-Tilia cordata');
insert into especie_formacio_arborea (id,nom,acronym) values(243,'Tic-Tilia cordata','Tip-Tilia platyphyllos');
insert into especie_formacio_arborea (id,nom,acronym) values(244,'Tip-Tilia platyphyllos','Ug-Ulmus glabra');
insert into especie_formacio_arborea (id,nom,acronym) values(245,'Ug-Ulmus glabra','Um-Ulmus minor');
insert into especie_formacio_arborea (id,nom,acronym) values(246,'Um-Ulmus minor','d-Erm');
insert into especie_formacio_arborea (id,nom,acronym) values(297,'d-Erm','m-Matollar');
insert into especie_formacio_arborea (id,nom,acronym) values(250,'m-Matollar','p-Pastura');
insert into especie_formacio_arborea (id,nom,acronym) values(272,'p-Pastura','r-Roquissar');
insert into especie_formacio_arborea (id,nom,acronym) values(284,'r-Roquissar','c-Conreu');
insert into especie_formacio_arborea (id,nom,acronym) values(296,'c-Conreu','u-Edificacions, equipaments i serveis');
insert into especie_formacio_arborea (id,nom,acronym) values(298,'u-Edificacions, equipaments i serveis','');

insert into tipologia_formacio_forestal (id,nom,acronym,especie_principal_id) values(101,'Avetoses','Aa',1);
insert into tipologia_formacio_forestal (id,nom,acronym,especie_principal_id) values(102,'Boscos mixtos d''avet i pi negre','Aa_Pu',1);
insert into tipologia_formacio_forestal (id,nom,acronym,especie_principal_id) values(103,'Boscos mixtos d''avet i pi roig','Aa_Ps',1);
insert into tipologia_formacio_forestal (id,nom,acronym,especie_principal_id) values(104,'Boscos mixtos d''avet i faig','Aa_Fs',1);
insert into tipologia_formacio_forestal (id,nom,acronym,especie_principal_id) values(105,'Boscos mixtos d''avet i altres caducifolis de muntanya','Aa_Pl',1);
insert into tipologia_formacio_forestal (id,nom,acronym,especie_principal_id) values(106,'Altres boscos mixtos dominats per l''avet','Aa_Al',1);
insert into tipologia_formacio_forestal (id,nom,acronym,especie_principal_id) values(113,'Bedollars','Bpe',17);
insert into tipologia_formacio_forestal (id,nom,acronym,especie_principal_id) values(114,'Boscos mixtos de bedoll i pi roig','Bpe_Ps',17);
insert into tipologia_formacio_forestal (id,nom,acronym,especie_principal_id) values(115,'Boscos mixtos de bedoll i avet','Bpe_Aa',17);
insert into tipologia_formacio_forestal (id,nom,acronym,especie_principal_id) values(116,'Boscos mixtos de bedoll i pi negre','Bpe_Pu',17);
insert into tipologia_formacio_forestal (id,nom,acronym,especie_principal_id) values(117,'Boscos mixtos de bedoll i altres caducifolis','Bpe_Pl',17);
insert into tipologia_formacio_forestal (id,nom,acronym,especie_principal_id) values(118,'Altres boscos mixtos dominats pel bedoll','Bpe_Al',17);
insert into tipologia_formacio_forestal (id,nom,acronym,especie_principal_id) values(123,'Castanyedes','Cs',20);
insert into tipologia_formacio_forestal (id,nom,acronym,especie_principal_id) values(124,'Boscos mixtos de castanyer i coníferes','Cs_Co',20);
insert into tipologia_formacio_forestal (id,nom,acronym,especie_principal_id) values(125,'Boscos mixtos de castanyer i surera','Cs_Qs',20);
insert into tipologia_formacio_forestal (id,nom,acronym,especie_principal_id) values(126,'Boscos mixtos de castanyer amb alzines o roures martinenc i africà','Cs_Qu',20);
insert into tipologia_formacio_forestal (id,nom,acronym,especie_principal_id) values(127,'Boscos mixtos de castanyer amb faig o roure de fulla gran','Cs_Fs_Qpe',20);
insert into tipologia_formacio_forestal (id,nom,acronym,especie_principal_id) values(128,'Boscos mixtos de castanyer i altres planifolis','Cs_Pl',20);
insert into tipologia_formacio_forestal (id,nom,acronym,especie_principal_id) values(129,'Altres boscos mixtos dominats pel castanyer','Cs_Al',20);
insert into tipologia_formacio_forestal (id,nom,acronym,especie_principal_id) values(120,'Avellanedes','Coa',30);
insert into tipologia_formacio_forestal (id,nom,acronym,especie_principal_id) values(121,'Formacions mixtes d''avellaner i coníferes','Coa_Con',30);
insert into tipologia_formacio_forestal (id,nom,acronym,especie_principal_id) values(122,'Formacions mixtes d''avellaner i altres planifolis','Coa_Pl',30);
insert into tipologia_formacio_forestal (id,nom,acronym,especie_principal_id) values(130,'Fagedes','Fs',16);
insert into tipologia_formacio_forestal (id,nom,acronym,especie_principal_id) values(131,'Boscos mixtos de faig i pi roig','Fs_Ps',16);
insert into tipologia_formacio_forestal (id,nom,acronym,especie_principal_id) values(132,'Boscos mixtos de faig i avet','Fs_Aa',16);
insert into tipologia_formacio_forestal (id,nom,acronym,especie_principal_id) values(133,'Boscos mixtos de faig i pi negre','Fs_Pu',16);
insert into tipologia_formacio_forestal (id,nom,acronym,especie_principal_id) values(134,'Boscos mixtos de faig i roure de fulla gran i pènol','Fs_Qpe',16);
insert into tipologia_formacio_forestal (id,nom,acronym,especie_principal_id) values(135,'Boscos mixtos de faig i altres planifolis','Fs_Pl',16);
insert into tipologia_formacio_forestal (id,nom,acronym,especie_principal_id) values(136,'Altres boscos mixtos dominats pel faig','Fs_Al',16);
insert into tipologia_formacio_forestal (id,nom,acronym,especie_principal_id) values(137,'Freixenedes de freixe de fulla gran','Fe',18);
insert into tipologia_formacio_forestal (id,nom,acronym,especie_principal_id) values(138,'Boscos mixtos de freixe de fulla gran i pi roig','Fe_Ps',18);
insert into tipologia_formacio_forestal (id,nom,acronym,especie_principal_id) values(139,'Boscos mixtos de freixe de fulla gran i altres planifolis','Fe_Pl',18);
insert into tipologia_formacio_forestal (id,nom,acronym,especie_principal_id) values(140,'Altres boscos mixtos dominats pel freixe de fulla gran','Fe_Al',18);
insert into tipologia_formacio_forestal (id,nom,acronym,especie_principal_id) values(204,'Rouredes de roure africà','Qca',13);
insert into tipologia_formacio_forestal (id,nom,acronym,especie_principal_id) values(205,'Boscos mixtos dominats pel roure africà','Qca_Al',13);
insert into tipologia_formacio_forestal (id,nom,acronym,especie_principal_id) values(206,'Rouredes de roure de fulla petita','Qf',11);
insert into tipologia_formacio_forestal (id,nom,acronym,especie_principal_id) values(207,'Boscos mixtos de roure de fulla petita i pinassa','Qf_Pn',11);
insert into tipologia_formacio_forestal (id,nom,acronym,especie_principal_id) values(208,'Boscos mixtos de roure de fulla petita i pi blanc','Qf_Ph',11);
insert into tipologia_formacio_forestal (id,nom,acronym,especie_principal_id) values(209,'Boscos mixtos de roure de fulla petita i pi roig','Qf_Ps',11);
insert into tipologia_formacio_forestal (id,nom,acronym,especie_principal_id) values(210,'Boscos mixtos de roure de fulla petita i pi pinyer','Qf_Ppa',11);
insert into tipologia_formacio_forestal (id,nom,acronym,especie_principal_id) values(211,'Boscos mixtos de roure de fulla petita i carrasca (o alzina)','Qf_Qib',11);
insert into tipologia_formacio_forestal (id,nom,acronym,especie_principal_id) values(212,'Altres boscos mixtos dominats pel roure de fulla petita','Qf_Al',11);
insert into tipologia_formacio_forestal (id,nom,acronym,especie_principal_id) values(213,'Rouredes de roure martinenc','Qh',7);
insert into tipologia_formacio_forestal (id,nom,acronym,especie_principal_id) values(214,'Boscos mixtos de roure martinenc i pinassa','Qh_Pn',7);
insert into tipologia_formacio_forestal (id,nom,acronym,especie_principal_id) values(215,'Boscos mixtos de roure martinenc i pi roig','Qh_Ps',7);
insert into tipologia_formacio_forestal (id,nom,acronym,especie_principal_id) values(216,'Boscos mixtos de roure martinenc i pins mediterranis','Qh_Pm',7);
insert into tipologia_formacio_forestal (id,nom,acronym,especie_principal_id) values(217,'Boscos mixtos de roure martinenc i carrasca','Qh_Qib',7);
insert into tipologia_formacio_forestal (id,nom,acronym,especie_principal_id) values(218,'Boscos mixtos de roure martinenc i alzina','Qh_Qii',7);
insert into tipologia_formacio_forestal (id,nom,acronym,especie_principal_id) values(219,'Boscos mixtos de roure martinenc i surera','Qh_Qs',7);
insert into tipologia_formacio_forestal (id,nom,acronym,especie_principal_id) values(220,'Boscos mixtos de roure martinenc i altres planifolis','Qh_Pl',7);
insert into tipologia_formacio_forestal (id,nom,acronym,especie_principal_id) values(221,'Altres boscos mixtos dominats pel roure martinenc','Qh_Al',7);
insert into tipologia_formacio_forestal (id,nom,acronym,especie_principal_id) values(222,'Carrascars típics o de terra baixa','QibTB',9);
insert into tipologia_formacio_forestal (id,nom,acronym,especie_principal_id) values(223,'Carrascars muntanyencs','QibMUN',9);
insert into tipologia_formacio_forestal (id,nom,acronym,especie_principal_id) values(224,'Boscos mixtos de carrasca i pi blanc','QibTB_Ph',9);
insert into tipologia_formacio_forestal (id,nom,acronym,especie_principal_id) values(225,'Boscos mixtos de carrasca i pi roig','Qib_Ps',9);
insert into tipologia_formacio_forestal (id,nom,acronym,especie_principal_id) values(226,'Carrascar de terra baixa i pinassa','QibTB_Pn',9);
insert into tipologia_formacio_forestal (id,nom,acronym,especie_principal_id) values(227,'Carrascar muntanyenc i pinassa','QibMUN_Pn',9);
insert into tipologia_formacio_forestal (id,nom,acronym,especie_principal_id) values(228,'Carrascar de terra baixa i roures','QibTB_Qu',9);
insert into tipologia_formacio_forestal (id,nom,acronym,especie_principal_id) values(229,'Carrascar muntanyenc i roures','QibMUN_Qu',9);
insert into tipologia_formacio_forestal (id,nom,acronym,especie_principal_id) values(230,'Altres boscos mixtos dominats per la carrasca','Qib_Al',9);
insert into tipologia_formacio_forestal (id,nom,acronym,especie_principal_id) values(231,'Alzinar litoral','QiiLIT',8);
insert into tipologia_formacio_forestal (id,nom,acronym,especie_principal_id) values(232,'Alzinar muntanyenc','QiiMUN',8);
insert into tipologia_formacio_forestal (id,nom,acronym,especie_principal_id) values(233,'Boscos mixtos d''alzina i pi blanc','Qii_Ph',8);
insert into tipologia_formacio_forestal (id,nom,acronym,especie_principal_id) values(234,'Boscos mixtos d''alzina i pi roig','Qii_Ps',8);
insert into tipologia_formacio_forestal (id,nom,acronym,especie_principal_id) values(235,'Boscos mixtos d''alzina i pi pinyer','Qii_Ppa',8);
insert into tipologia_formacio_forestal (id,nom,acronym,especie_principal_id) values(236,'Boscos mixtos d''alzina i pinastre','Qii_Ppr',8);
insert into tipologia_formacio_forestal (id,nom,acronym,especie_principal_id) values(237,'Boscos mixtos d''alzina i surera','Qii_Qs',8);
insert into tipologia_formacio_forestal (id,nom,acronym,especie_principal_id) values(238,'Alzinar litoral i roures','QiiLIT_Qu',8);
insert into tipologia_formacio_forestal (id,nom,acronym,especie_principal_id) values(239,'Alzinar muntanyenc i roures','QiiMUN_Qu',8);
insert into tipologia_formacio_forestal (id,nom,acronym,especie_principal_id) values(240,'Alzinar litoral i altres planifolis','QiiLIT_Pl',8);
insert into tipologia_formacio_forestal (id,nom,acronym,especie_principal_id) values(241,'Alzinar muntanyenc i altres planifolis','QiiMUN_Pl',8);
insert into tipologia_formacio_forestal (id,nom,acronym,especie_principal_id) values(242,'Boscos mixtos d''alzina i arboç','Qii_Au',8);
insert into tipologia_formacio_forestal (id,nom,acronym,especie_principal_id) values(243,'Boscos mixtos d''alzina i pinassa','Qii_Pn',8);
insert into tipologia_formacio_forestal (id,nom,acronym,especie_principal_id) values(244,'Formacions mixtes d''alzina i pi insigne','Qii_Pr',8);
insert into tipologia_formacio_forestal (id,nom,acronym,especie_principal_id) values(245,'Altres boscos mixtos dominats per l''alzina','Qii_Al',8);
insert into tipologia_formacio_forestal (id,nom,acronym,especie_principal_id) values(246,'Rouredes de roure de fulla gran','Qpe',14);
insert into tipologia_formacio_forestal (id,nom,acronym,especie_principal_id) values(247,'Boscos mixtos de roure de fulla gran i pi roig','Qpe_Ps',14);
insert into tipologia_formacio_forestal (id,nom,acronym,especie_principal_id) values(248,'Boscos mixtos de roure de fulla gran i alzina','Qpe_Qii',14);
insert into tipologia_formacio_forestal (id,nom,acronym,especie_principal_id) values(249,'Boscos mixtos de roure de fulla gran i faig','Qpe_Fs',14);
insert into tipologia_formacio_forestal (id,nom,acronym,especie_principal_id) values(250,'Boscos mixtos de roure de fulla gran i altres planifolis','Qpe_Pl',14);
insert into tipologia_formacio_forestal (id,nom,acronym,especie_principal_id) values(251,'Altres boscos mixtos dominats pel roure de fulla gran','Qpe_Al',14);
insert into tipologia_formacio_forestal (id,nom,acronym,especie_principal_id) values(252,'Rouredes de roure reboll','Qpy',12);
insert into tipologia_formacio_forestal (id,nom,acronym,especie_principal_id) values(253,'Boscos mixtos de roure reboll i pi roig','Qpy_Ps',12);
insert into tipologia_formacio_forestal (id,nom,acronym,especie_principal_id) values(254,'Altres boscos mixtos dominats pel roure reboll','Qpy_Al',12);
insert into tipologia_formacio_forestal (id,nom,acronym,especie_principal_id) values(255,'Rouredes de roure pènol','Qr',15);
insert into tipologia_formacio_forestal (id,nom,acronym,especie_principal_id) values(256,'Boscos mixtos de roure pènol i altres planifolis','Qr_Pl',15);
insert into tipologia_formacio_forestal (id,nom,acronym,especie_principal_id) values(257,'Suredes','Qs',10);
insert into tipologia_formacio_forestal (id,nom,acronym,especie_principal_id) values(258,'Boscos mixtos de surera i pi blanc','Qs_Ph',10);
insert into tipologia_formacio_forestal (id,nom,acronym,especie_principal_id) values(259,'Boscos mixtos de surera i pi pinyer','Qs_Ppa',10);
insert into tipologia_formacio_forestal (id,nom,acronym,especie_principal_id) values(260,'Boscos mixtos de surera i pinastre','Qs_Ppr',10);
insert into tipologia_formacio_forestal (id,nom,acronym,especie_principal_id) values(261,'Boscos mixtos de surera i alzines','Qs_Qii',10);
insert into tipologia_formacio_forestal (id,nom,acronym,especie_principal_id) values(262,'Boscos mixtos de surera i roures','Qs_Qu',10);
insert into tipologia_formacio_forestal (id,nom,acronym,especie_principal_id) values(263,'Boscos mixtos de surera i arboç','Qs_Au',10);
insert into tipologia_formacio_forestal (id,nom,acronym,especie_principal_id) values(264,'Boscos mixtos de surera i altres planifolis','Qs_Pl',10);
insert into tipologia_formacio_forestal (id,nom,acronym,especie_principal_id) values(265,'Altres boscos mixtos dominats per la surera','Qs_Al',10);
insert into tipologia_formacio_forestal (id,nom,acronym,especie_principal_id) values(142,'Pinedes de pi blanc d''influència litoral','PhLIT',5);
insert into tipologia_formacio_forestal (id,nom,acronym,especie_principal_id) values(143,'Pinedes de pi blanc continentals','PhCON',5);
insert into tipologia_formacio_forestal (id,nom,acronym,especie_principal_id) values(144,'Boscos mixtos de pi blanc i pinassa','Ph_Pn',5);
insert into tipologia_formacio_forestal (id,nom,acronym,especie_principal_id) values(145,'Pinedes mixtes de pi blanc i pi pinyer','Ph_Ppa',5);
insert into tipologia_formacio_forestal (id,nom,acronym,especie_principal_id) values(146,'Pinedes mixtes de pi blanc i pi roig','Ph_Ps',5);
insert into tipologia_formacio_forestal (id,nom,acronym,especie_principal_id) values(147,'Formacions mixtes de pi blanc d''influència litoral i carrasca (o roure de fulla petita)','PhLIT_Qib',5);
insert into tipologia_formacio_forestal (id,nom,acronym,especie_principal_id) values(148,'Formacions mixtes de pi blanc continental i carrasca (o roure de fulla petita)','PhCON_Qib',5);
insert into tipologia_formacio_forestal (id,nom,acronym,especie_principal_id) values(149,'Formacions mixtes de pi blanc i alzina','Ph_Qii',5);
insert into tipologia_formacio_forestal (id,nom,acronym,especie_principal_id) values(150,'Formacions mixtes de pi blanc d''influència litoral i roures','PhLIT_Qu',5);
insert into tipologia_formacio_forestal (id,nom,acronym,especie_principal_id) values(151,'Formacions mixtes de pi blanc i surera','Ph_Qs',5);
insert into tipologia_formacio_forestal (id,nom,acronym,especie_principal_id) values(152,'Formacions mixtes de pi blanc i altres pins i frondoses','Ph_Bm',5);
insert into tipologia_formacio_forestal (id,nom,acronym,especie_principal_id) values(153,'Altres formacions mixtes dominades pel pi blanc','Ph_Al',5);
insert into tipologia_formacio_forestal (id,nom,acronym,especie_principal_id) values(154,'Boscos de pinassa de l''àmbit prepirinenc i central','PnPRE',4);
insert into tipologia_formacio_forestal (id,nom,acronym,especie_principal_id) values(155,'Boscos de pinassa de l''àmbit meridional','PnMER',4);
insert into tipologia_formacio_forestal (id,nom,acronym,especie_principal_id) values(156,'Boscos mixtos de pinassa i pi roig de l''àmbit prepirinenc i central','PnPRE_Ps',4);
insert into tipologia_formacio_forestal (id,nom,acronym,especie_principal_id) values(157,'Boscos mixtos de pinassa i pi roig de l''àmbit meridional','PnMER_Ps',4);
insert into tipologia_formacio_forestal (id,nom,acronym,especie_principal_id) values(158,'Boscos mixtos de pinassa i pi blanc de l''àmbit prepirinenc i central','PnPRE_Ph',4);
insert into tipologia_formacio_forestal (id,nom,acronym,especie_principal_id) values(159,'Boscos mixtos de pinassa i pi blanc de l''àmbit meridional','PnMER_Ph',4);
insert into tipologia_formacio_forestal (id,nom,acronym,especie_principal_id) values(160,'Boscos mixtos de pinassa i carrasca (o alzina) de l''àmbit prepirinenc i central','PnPRE_Qib',4);
insert into tipologia_formacio_forestal (id,nom,acronym,especie_principal_id) values(161,'Boscos mixtos de pinassa i carrasca (o alzina) de l''àmbit meridional','PnMER_Qib',4);
insert into tipologia_formacio_forestal (id,nom,acronym,especie_principal_id) values(162,'Boscos mixtos de pinassa i roures de l''àmbit prepirinenc i central','PnPRE_Qu',4);
insert into tipologia_formacio_forestal (id,nom,acronym,especie_principal_id) values(163,'Boscos mixtos de pinassa i roures de l''àmbit meridional','PnMER_Qu',4);
insert into tipologia_formacio_forestal (id,nom,acronym,especie_principal_id) values(164,'Boscos mixtos submediterranis de pinassa, pi roig i frondoses','Pn_Bms',4);
insert into tipologia_formacio_forestal (id,nom,acronym,especie_principal_id) values(165,'Boscos mixtos submediterranis de pinassa, pi blanc i frondoses','Pn_Bmm',4);
insert into tipologia_formacio_forestal (id,nom,acronym,especie_principal_id) values(166,'Altres boscos mixtos dominats per la pinassa','Pn_Al',4);
insert into tipologia_formacio_forestal (id,nom,acronym,especie_principal_id) values(168,'Pinedes de pi pinyer','Ppa',6);
insert into tipologia_formacio_forestal (id,nom,acronym,especie_principal_id) values(169,'Pinedes mixtes de pi pinyer i pi blanc','Ppa_Ph',6);
insert into tipologia_formacio_forestal (id,nom,acronym,especie_principal_id) values(170,'Pinedes mixtes de pi pinyer i pinastre','Ppa_Ppr',6);
insert into tipologia_formacio_forestal (id,nom,acronym,especie_principal_id) values(171,'Formacions mixtes de pi pinyer i alzina (o carrasca)','Ppa_Qii',6);
insert into tipologia_formacio_forestal (id,nom,acronym,especie_principal_id) values(172,'Formacions mixtes de pi pinyer i roures','Ppa_Qu',6);
insert into tipologia_formacio_forestal (id,nom,acronym,especie_principal_id) values(173,'Formacions mixtes de pi pinyer i surera','Ppa_Qs',6);
insert into tipologia_formacio_forestal (id,nom,acronym,especie_principal_id) values(174,'Formacions mixtes de pi pinyer i altres pins i frondoses','Ppa_Bmm',6);
insert into tipologia_formacio_forestal (id,nom,acronym,especie_principal_id) values(175,'Altres formacions mixtes dominades pel pi pinyer','Ppa_Al',6);
insert into tipologia_formacio_forestal (id,nom,acronym,especie_principal_id) values(178,'Boscos de pi roig de l''àmbit pirinenc i central','PsPIR',3);
insert into tipologia_formacio_forestal (id,nom,acronym,especie_principal_id) values(179,'Boscos de pi roig de l''àmbit meridional','PsMER',3);
insert into tipologia_formacio_forestal (id,nom,acronym,especie_principal_id) values(180,'Boscos mixtos de pi roig i pinassa de l''àmbit pirinenc i central','PsPIR_Pn',3);
insert into tipologia_formacio_forestal (id,nom,acronym,especie_principal_id) values(181,'Boscos mixtos de pi roig i pinassa de l''àmbit meridional','PsMER_Pn',3);
insert into tipologia_formacio_forestal (id,nom,acronym,especie_principal_id) values(182,'Boscos mixtos de pi roig i pi negre','Ps_Pu',3);
insert into tipologia_formacio_forestal (id,nom,acronym,especie_principal_id) values(183,'Boscos mixtos de pi roig i avet','Ps_Aa',3);
insert into tipologia_formacio_forestal (id,nom,acronym,especie_principal_id) values(184,'Boscos mixtos de pi roig i pins mediterranis','Ps_Pm',3);
insert into tipologia_formacio_forestal (id,nom,acronym,especie_principal_id) values(185,'Boscos mixtos de pi roig i alzina','Ps_Qii',3);
insert into tipologia_formacio_forestal (id,nom,acronym,especie_principal_id) values(186,'Boscos mixtos de pi roig i carrasca','Ps_Qib',3);
insert into tipologia_formacio_forestal (id,nom,acronym,especie_principal_id) values(187,'Boscos mixtos de pi roig i roure martinenc','Ps_Qh',3);
insert into tipologia_formacio_forestal (id,nom,acronym,especie_principal_id) values(188,'Boscos mixtos de pi roig i roure de fulla petita','Ps_Qf',3);
insert into tipologia_formacio_forestal (id,nom,acronym,especie_principal_id) values(189,'Boscos mixtos de pi roig i roure reboll','Ps_Qpy',3);
insert into tipologia_formacio_forestal (id,nom,acronym,especie_principal_id) values(190,'Boscos mixtos de pi roig i faig','Ps_Fs',3);
insert into tipologia_formacio_forestal (id,nom,acronym,especie_principal_id) values(191,'Boscos mixtos de pi roig i roure de fulla gran','Ps_Qpe',3);
insert into tipologia_formacio_forestal (id,nom,acronym,especie_principal_id) values(192,'Boscos mixtos de pi roig i bedoll','Ps_Bpe',3);
insert into tipologia_formacio_forestal (id,nom,acronym,especie_principal_id) values(193,'Boscos mixtos de pi roig i auró o blada','Ps_Ac',3);
insert into tipologia_formacio_forestal (id,nom,acronym,especie_principal_id) values(194,'Boscos mixtos de pi roig i altres caducifolis de muntanya','Ps_Cm',3);
insert into tipologia_formacio_forestal (id,nom,acronym,especie_principal_id) values(195,'Boscos mixtos submediterranis de pi roig i altres pins i frondoses','Ps_Bms',3);
insert into tipologia_formacio_forestal (id,nom,acronym,especie_principal_id) values(196,'Boscos mixtos de pi roig i avellaner','Ps_Coa',3);
insert into tipologia_formacio_forestal (id,nom,acronym,especie_principal_id) values(197,'Altres boscos mixtos dominats pel pi roig','Ps_Al',3);
insert into tipologia_formacio_forestal (id,nom,acronym,especie_principal_id) values(198,'Boscos de pi negre','Pu',2);
insert into tipologia_formacio_forestal (id,nom,acronym,especie_principal_id) values(199,'Boscos mixtos de pi negre i pi roig','Pu_Ps',2);
insert into tipologia_formacio_forestal (id,nom,acronym,especie_principal_id) values(200,'Boscos mixtos de pi negre i avet','Pu_Aa',2);
insert into tipologia_formacio_forestal (id,nom,acronym,especie_principal_id) values(201,'Boscos mixtos de pi negre i bedolls','Pu_Bpe',2);
insert into tipologia_formacio_forestal (id,nom,acronym,especie_principal_id) values(202,'Boscos mixtos de pi negre i altres caducifolis de muntanya','Pu_Cm',2);
insert into tipologia_formacio_forestal (id,nom,acronym,especie_principal_id) values(203,'Altres boscos mixtos dominats pel pi negre','Pu_Al',2);
insert into tipologia_formacio_forestal (id,nom,acronym,especie_principal_id) values(167,'Formacions dominades per trèmol (Populus tremula)','Pt',31);
insert into tipologia_formacio_forestal (id,nom,acronym,especie_principal_id) values(274,'Formacions de ribera de la muntanya pirinenca','RIB_PIR',19);
insert into tipologia_formacio_forestal (id,nom,acronym,especie_principal_id) values(275,'Formacions de ribera de la muntanya prepirinenca','RIB_PRE',19);
insert into tipologia_formacio_forestal (id,nom,acronym,especie_principal_id) values(276,'Formacions de ribera de terra baixa i muntanya mediterrània','RIB_TB',19);
insert into tipologia_formacio_forestal (id,nom,acronym,especie_principal_id) values(277,'Formacions de ribera de la muntanya nord-oriental','RIB_MUN_NOR',19);
insert into tipologia_formacio_forestal (id,nom,acronym,especie_principal_id) values(278,'Formacions de ribera dels trams baixos nord-orientals','RIB_TB_NOR',19);
insert into tipologia_formacio_forestal (id,nom,acronym,especie_principal_id) values(107,'Formacions dominades per auró blanc (Acer campestre)','Acc',22);
insert into tipologia_formacio_forestal (id,nom,acronym,especie_principal_id) values(108,'Formacions dominades per auró negre (Acer monspessulanum)','Acm',22);
insert into tipologia_formacio_forestal (id,nom,acronym,especie_principal_id) values(109,'Formacions dominades per blada (Acer opalus/granatense)','Aco',22);
insert into tipologia_formacio_forestal (id,nom,acronym,especie_principal_id) values(110,'Formacions dominades per erable (Acer platanoides)','Acp',22);
insert into tipologia_formacio_forestal (id,nom,acronym,especie_principal_id) values(111,'Formacions dominades per plàtan fals (Acer pseudo-platanus)','Acs',22);
insert into tipologia_formacio_forestal (id,nom,acronym,especie_principal_id) values(112,'Formacions dominades per arboç (Arbutus unedo)','Au',22);
insert into tipologia_formacio_forestal (id,nom,acronym,especie_principal_id) values(119,'Formacions dominades per bedoll pubescent (Betula pubescens)','Bpu',22);
insert into tipologia_formacio_forestal (id,nom,acronym,especie_principal_id) values(141,'Formacions dominades per grèvol (Ilex aquifolium)','Ia',22);
insert into tipologia_formacio_forestal (id,nom,acronym,especie_principal_id) values(266,'Formacions dominades per acàcia (Robinia pseudoacacia)','Rp',22);
insert into tipologia_formacio_forestal (id,nom,acronym,especie_principal_id) values(267,'Formacions dominades per moixera (Sorbus aria)','Soa',22);
insert into tipologia_formacio_forestal (id,nom,acronym,especie_principal_id) values(269,'Formacions dominades per moixera de guilla (Sorbus aucuparia)','Sou',22);
insert into tipologia_formacio_forestal (id,nom,acronym,especie_principal_id) values(268,'Formacions dominades per moixera de pastor (Sorbus torminalis)','Sot',22);
insert into tipologia_formacio_forestal (id,nom,acronym,especie_principal_id) values(270,'Formacions dominades per teix (Taxus baccata)','Tb',22);
insert into tipologia_formacio_forestal (id,nom,acronym,especie_principal_id) values(271,'Formacions dominades per til·ler o tell de fulla petita (Tilia cordata)','Tic',22);
insert into tipologia_formacio_forestal (id,nom,acronym,especie_principal_id) values(272,'Formacions dominades per til·ler o tell de fulla gran (Tilia platyphyllos)','Tip',22);
insert into tipologia_formacio_forestal (id,nom,acronym,especie_principal_id) values(273,'Formacions dominades per oma (Ulmus glabra)','Ug',22);
insert into tipologia_formacio_forestal (id,nom,acronym,especie_principal_id) values(176,'Boscos de pinastre (poblacions espontànies)','Ppre',22);
insert into tipologia_formacio_forestal (id,nom,acronym,especie_principal_id) values(177,'Altres boscos mixtos dominats per pinastre (poblacions espontànies)','Ppre_Al',22);
insert into tipologia_formacio_forestal (id,nom,acronym,especie_principal_id) values(279,'Plantacions de cedre','Ce',40);
insert into tipologia_formacio_forestal (id,nom,acronym,especie_principal_id) values(280,'Plantacions de cedre amb altres espècies','Ce_Al',40);
insert into tipologia_formacio_forestal (id,nom,acronym,especie_principal_id) values(281,'Plantacions de làrix','La',41);
insert into tipologia_formacio_forestal (id,nom,acronym,especie_principal_id) values(282,'Plantacions de làrix amb altres espècies','La_Al',41);
insert into tipologia_formacio_forestal (id,nom,acronym,especie_principal_id) values(283,'Plantacions de pícea','Pia',42);
insert into tipologia_formacio_forestal (id,nom,acronym,especie_principal_id) values(284,'Plantacions de pícea amb altres espècies','Pia_Al',42);
insert into tipologia_formacio_forestal (id,nom,acronym,especie_principal_id) values(285,'Plantacions de pinassa d''Àustria','Pna',44);
insert into tipologia_formacio_forestal (id,nom,acronym,especie_principal_id) values(286,'Plantacions de pinassa d''Àustria amb altres espècies','Pna_Al',44);
insert into tipologia_formacio_forestal (id,nom,acronym,especie_principal_id) values(287,'Plantacions de pinassa de Còrsega o Calàbria','Pnc',45);
insert into tipologia_formacio_forestal (id,nom,acronym,especie_principal_id) values(288,'Plantacions de pinassa de Còrsega o Calàbria amb altres espècies','Pnc_Al',45);
insert into tipologia_formacio_forestal (id,nom,acronym,especie_principal_id) values(289,'Plantacions de pinastre','Ppr',46);
insert into tipologia_formacio_forestal (id,nom,acronym,especie_principal_id) values(290,'Plantacions de pinastre amb altres espècies','Ppr_Al',46);
insert into tipologia_formacio_forestal (id,nom,acronym,especie_principal_id) values(291,'Plantacions de pi insigne','Pr',47);
insert into tipologia_formacio_forestal (id,nom,acronym,especie_principal_id) values(292,'Plantacions de pi insigne amb altres espècies','Pr_Al',47);
insert into tipologia_formacio_forestal (id,nom,acronym,especie_principal_id) values(293,'Plantacions d''avet de Douglas','Ptm',43);
insert into tipologia_formacio_forestal (id,nom,acronym,especie_principal_id) values(294,'Plantacions d''avet de Douglas amb altres espècies','Ptm_Al',43);
insert into tipologia_formacio_forestal (id,nom,acronym,especie_principal_id) values(329,'Plantacions d''auró blanc','p_Acc',21);
insert into tipologia_formacio_forestal (id,nom,acronym,especie_principal_id) values(330,'Plantacions d''auró blanc amb altres espècies','p_Acc_Al',21);
insert into tipologia_formacio_forestal (id,nom,acronym,especie_principal_id) values(303,'Plantacions de cirerer','Pra',21);
insert into tipologia_formacio_forestal (id,nom,acronym,especie_principal_id) values(304,'Plantacions de cirerer amb altres espècies','Pra_Al',21);
insert into tipologia_formacio_forestal (id,nom,acronym,especie_principal_id) values(327,'Plantacions d''erable','p_Acp',21);
insert into tipologia_formacio_forestal (id,nom,acronym,especie_principal_id) values(328,'Plantacions d''erable amb altres espècies','p_Acp_Al',21);
insert into tipologia_formacio_forestal (id,nom,acronym,especie_principal_id) values(295,'Plantacions d''eucaliptus','Eu',21);
insert into tipologia_formacio_forestal (id,nom,acronym,especie_principal_id) values(296,'Plantacions d''eucaliptus amb altres espècies','Eu_Al',21);
insert into tipologia_formacio_forestal (id,nom,acronym,especie_principal_id) values(325,'Plantacions de fals plàtan','p_Acs',21);
insert into tipologia_formacio_forestal (id,nom,acronym,especie_principal_id) values(326,'Plantacions de fals plàtan amb altres espècies','p_Acs_Al',21);
insert into tipologia_formacio_forestal (id,nom,acronym,especie_principal_id) values(321,'Plantacions de freixe','p_Fe',21);
insert into tipologia_formacio_forestal (id,nom,acronym,especie_principal_id) values(322,'Plantacions de freixe amb altres espècies','p_Fe_Al',21);
insert into tipologia_formacio_forestal (id,nom,acronym,especie_principal_id) values(323,'Plantacions de freixe de fulla gran','p_Fa',21);
insert into tipologia_formacio_forestal (id,nom,acronym,especie_principal_id) values(324,'Plantacions de freixe de fulla gran amb altres espècies','p_Fa_Al',21);
insert into tipologia_formacio_forestal (id,nom,acronym,especie_principal_id) values(333,'Plantacions de moixera de pastor','p_Sot',21);
insert into tipologia_formacio_forestal (id,nom,acronym,especie_principal_id) values(334,'Plantacions de moixera de pastor amb altres espècies','p_Sot_Al',21);
insert into tipologia_formacio_forestal (id,nom,acronym,especie_principal_id) values(297,'Plantacions de noguera','Ju',21);
insert into tipologia_formacio_forestal (id,nom,acronym,especie_principal_id) values(298,'Plantacions de noguera amb altres espècies','Ju_Al',21);
insert into tipologia_formacio_forestal (id,nom,acronym,especie_principal_id) values(341,'Plantacions de noguera híbrida','p_Ji',21);
insert into tipologia_formacio_forestal (id,nom,acronym,especie_principal_id) values(342,'Plantacions de noguera híbrida amb altres espècies','p_Ji_Al',21);
insert into tipologia_formacio_forestal (id,nom,acronym,especie_principal_id) values(335,'Plantacions de perera','p_Pyc',21);
insert into tipologia_formacio_forestal (id,nom,acronym,especie_principal_id) values(336,'Plantacions de perera amb altres espècies','p_Pyc_Al',21);
insert into tipologia_formacio_forestal (id,nom,acronym,especie_principal_id) values(319,'Plantacions de pi canari','p_Pc',21);
insert into tipologia_formacio_forestal (id,nom,acronym,especie_principal_id) values(320,'Plantacions de pi canari amb altres espècies','p_Pc_Al',21);
insert into tipologia_formacio_forestal (id,nom,acronym,especie_principal_id) values(337,'Plantacions de pomera','p_Mas',21);
insert into tipologia_formacio_forestal (id,nom,acronym,especie_principal_id) values(338,'Plantacions de pomera amb altres espècies','p_Mas_Al',21);
insert into tipologia_formacio_forestal (id,nom,acronym,especie_principal_id) values(299,'Plantacions de plàtan','Plh',21);
insert into tipologia_formacio_forestal (id,nom,acronym,especie_principal_id) values(300,'Plantacions de plàtan amb altres espècies','Plh_Al',21);
insert into tipologia_formacio_forestal (id,nom,acronym,especie_principal_id) values(301,'Plantacions de pollancre','Po',21);
insert into tipologia_formacio_forestal (id,nom,acronym,especie_principal_id) values(302,'Plantacions de pollancre amb altres espècies','Po_Al',21);
insert into tipologia_formacio_forestal (id,nom,acronym,especie_principal_id) values(317,'Plantacions de roure americà','p_Qru',21);
insert into tipologia_formacio_forestal (id,nom,acronym,especie_principal_id) values(318,'Plantacions de roure americà amb altres espècies','p_Qru_Al',21);
insert into tipologia_formacio_forestal (id,nom,acronym,especie_principal_id) values(331,'Plantacions de servera','p_Sod',21);
insert into tipologia_formacio_forestal (id,nom,acronym,especie_principal_id) values(332,'Plantacions de servera amb altres espècies','p_Sod_Al',21);
insert into tipologia_formacio_forestal (id,nom,acronym,especie_principal_id) values(339,'Plantacions de til·ler de fulla gran','p_Tip',21);
insert into tipologia_formacio_forestal (id,nom,acronym,especie_principal_id) values(340,'Plantacions de til·ler de fulla gran amb altres espècies','p_Tip_Al',21);
insert into tipologia_formacio_forestal (id,nom,acronym,especie_principal_id) values(343,'Plantacions de til·ler de fulla petita','p_Tic',21);
insert into tipologia_formacio_forestal (id,nom,acronym,especie_principal_id) values(344,'Plantacions de til·ler de fulla petita amb altres espècies','p_Tic_Al',21);
insert into tipologia_formacio_forestal (id,nom,acronym,especie_principal_id) values(316,'Conreu','c',23);
insert into tipologia_formacio_forestal (id,nom,acronym,especie_principal_id) values(310,'Erm','d',23);
insert into tipologia_formacio_forestal (id,nom,acronym,especie_principal_id) values(308,'Matollar','m',23);
insert into tipologia_formacio_forestal (id,nom,acronym,especie_principal_id) values(307,'Pastura','p',23);
insert into tipologia_formacio_forestal (id,nom,acronym,especie_principal_id) values(309,'Roquissar','r',23);
insert into tipologia_formacio_forestal (id,nom,acronym,especie_principal_id) values(311,'Edificacions, equipaments i serveis','u',23);

insert into objectiu_general(id,acronym,nom) values (1,'P','Productiu');
insert into objectiu_general(id,acronym,nom) values (2,'S','Socio-cultural');
insert into objectiu_general(id,acronym,nom) values (3,'A','Serveis Ambientals');

insert into objectiu_preferent (id,nom,objectiu_general_id) values(1,'Producció de fusta',1);
insert into objectiu_preferent (id,nom,objectiu_general_id) values(2,'Producció de suro',1);
insert into objectiu_preferent (id,nom,objectiu_general_id) values(3,'Producció de llenyes',1);
insert into objectiu_preferent (id,nom,objectiu_general_id) values(4,'Producció de biomassa per ús energètic',1);
insert into objectiu_preferent (id,nom,objectiu_general_id) values(5,'Aprofitaments no fusters',1);
insert into objectiu_preferent (id,nom,objectiu_general_id) values(6,'Pastura',1);
insert into objectiu_preferent (id,nom,objectiu_general_id) values(7,'Altres',1);
insert into objectiu_preferent (id,nom,objectiu_general_id) values(8,'Millora de l’estructura de la massa forestal: resistència i resiliència',3);
insert into objectiu_preferent (id,nom,objectiu_general_id) values(9,'Recuperació de les masses davant de catàstrofes',3);
insert into objectiu_preferent (id,nom,objectiu_general_id) values(10,'Gestió per minimitzar processos erosius',3);
insert into objectiu_preferent (id,nom,objectiu_general_id) values(11,'Gestió per a la recuperació i la potenciació d’espècies de flora i fauna',3);
insert into objectiu_preferent (id,nom,objectiu_general_id) values(12,'Gestió per a la millora de les masses forestals contra GIF i per la prevenció d’incendis',3);
insert into objectiu_preferent (id,nom,objectiu_general_id) values(13,'Gestió per a la prevenció d’incendis',3);
insert into objectiu_preferent (id,nom,objectiu_general_id) values(14,'Gestió per un ús eficient dels recursos hídrics',3);
insert into objectiu_preferent (id,nom,objectiu_general_id) values(15,'Altres',3);
insert into objectiu_preferent (id,nom,objectiu_general_id) values(16,'Valorització el paisatge i/o elements naturals i culturals singulars',2);
insert into objectiu_preferent (id,nom,objectiu_general_id) values(17,'Gestió per a la preservació de masses o espais forestals',2);
insert into objectiu_preferent (id,nom,objectiu_general_id) values(18,'Usos recreatius i de lleure que pugui donar l’entorn forestal',2);
insert into objectiu_preferent (id,nom,objectiu_general_id) values(19,'Altres',2);

insert into especies (id,nom,acronym) values(3,'Aa-Abies alba','Aa');
insert into especies (id,nom,acronym) values(93,'Acc-Acer campestre','Acc');
insert into especies (id,nom,acronym) values(94,'Acm-Acer monspessulanum','Acm');
insert into especies (id,nom,acronym) values(95,'Aco-Acer opalus/granatense','Aco');
insert into especies (id,nom,acronym) values(97,'Acp-Acer platanoides','Acp');
insert into especies (id,nom,acronym) values(98,'Acs-Acer pseudoplatanus','Acs');
insert into especies (id,nom,acronym) values(99,'Alg-Alnus glutinosa','Alg');
insert into especies (id,nom,acronym) values(306,'Au-Arbutus unedo','Au');
insert into especies (id,nom,acronym) values(100,'Bpe-Betula pendula','Bpe');
insert into especies (id,nom,acronym) values(107,'Bpu-Betula pubescens','Bpu');
insert into especies (id,nom,acronym) values(249,'RIB-Boscos de ribera','RIB');
insert into especies (id,nom,acronym) values(122,'Cs-Castanea sativa','Cs');
insert into especies (id,nom,acronym) values(8,'Ce-Cedrus sp.','Ce');
insert into especies (id,nom,acronym) values(112,'Coa-Corylus avellana','Coa');
insert into especies (id,nom,acronym) values(209,'Eu-Eucalyptus sp.','Eu');
insert into especies (id,nom,acronym) values(132,'Fs-Fagus sylvatica','Fs');
insert into especies (id,nom,acronym) values(211,'Fa-Fraxinus angustifolia','Fa');
insert into especies (id,nom,acronym) values(212,'Fe-Fraxinus excelsior','Fe');
insert into especies (id,nom,acronym) values(92,'Ia-Ilex aquifolium','Ia');
insert into especies (id,nom,acronym) values(206,'Jr-Juglans regia','Jr');
insert into especies (id,nom,acronym) values(331,'Ji-Juglans x intermedia','Ji');
insert into especies (id,nom,acronym) values(205,'Ju-Juglans sp.','Ju');
insert into especies (id,nom,acronym) values(334,'Mas-Malus sylvestris','Mas');
insert into especies (id,nom,acronym) values(10,'La-Larix sp.','La');
insert into especies (id,nom,acronym) values(12,'Pia-Picea sp.','Pia');
insert into especies (id,nom,acronym) values(16,'Ph-Pinus halepensis','Ph');
insert into especies (id,nom,acronym) values(25,'Pn-Pinus nigra','Pn');
insert into especies (id,nom,acronym) values(311,'Pna-Pinus nigra austriaca','Pna');
insert into especies (id,nom,acronym) values(328,'Pnc-Pinus nigra corsicana/calabrica','Pnc');
insert into especies (id,nom,acronym) values(44,'Ppr-Pinus pinaster','Ppr');
insert into especies (id,nom,acronym) values(37,'Ppa-Pinus pinea','Ppa');
insert into especies (id,nom,acronym) values(54,'Pr-Pinus radiata','Pr');
insert into especies (id,nom,acronym) values(60,'Ps-Pinus sylvestris','Ps');
insert into especies (id,nom,acronym) values(81,'Pu-Pinus uncinata','Pu');
insert into especies (id,nom,acronym) values(330,'Pc-Pinus canariensis','Pc');
insert into especies (id,nom,acronym) values(221,'Plh-Platanus x hybrida','Plh');
insert into especies (id,nom,acronym) values(231,'Po-Populus sp.','Po');
insert into especies (id,nom,acronym) values(236,'Pt-Populus tremula','Pt');
insert into especies (id,nom,acronym) values(225,'Pra-Prunus avium','Pra');
insert into especies (id,nom,acronym) values(88,'Ptm-Pseudotsuga menziessi','Ptm');
insert into especies (id,nom,acronym) values(333,'Pyc-Pyrus communis','Pyc');
insert into especies (id,nom,acronym) values(170,'Qca-Quercus canariens','Qca');
insert into especies (id,nom,acronym) values(171,'Qf-Quercus faginea','Qf');
insert into especies (id,nom,acronym) values(177,'Qh-Quercus humilis','Qh');
insert into especies (id,nom,acronym) values(312,'Qib-Quercus ilex ballota','Qib');
insert into especies (id,nom,acronym) values(144,'Qii-Quercus ilex ilex','Qii');
insert into especies (id,nom,acronym) values(192,'Qpe-Quercus petraea','Qpe');
insert into especies (id,nom,acronym) values(201,'Qpy-Quercus pyrenaica','Qpy');
insert into especies (id,nom,acronym) values(203,'Qr-Quercus robur','Qr');
insert into especies (id,nom,acronym) values(161,'Qs-Quercus suber','Qs');
insert into especies (id,nom,acronym) values(329,'Qru-Quercus rubra','Qru');
insert into especies (id,nom,acronym) values(208,'Rp-Robinia pseudoacacia','Rp');
insert into especies (id,nom,acronym) values(241,'Sa-Salix sp.','Sa');
insert into especies (id,nom,acronym) values(227,'Soa-Sorbus aria','Soa');
insert into especies (id,nom,acronym) values(228,'Sou-Sorbus aucuparia','Sou');
insert into especies (id,nom,acronym) values(332,'Sod-Sorbus domestica','Sod');
insert into especies (id,nom,acronym) values(229,'Sot-Sorbus torminalis','Sot');
insert into especies (id,nom,acronym) values(91,'Tb-Taxus baccata','Tb');
insert into especies (id,nom,acronym) values(243,'Tic-Tilia cordata','Tic');
insert into especies (id,nom,acronym) values(244,'Tip-Tilia platyphyllos','Tip');
insert into especies (id,nom,acronym) values(245,'Ug-Ulmus glabra','Ug');
insert into especies (id,nom,acronym) values(246,'Um-Ulmus minor','Um');
insert into especies (id,nom,acronym) values(297,'d-Erm','d');
insert into especies (id,nom,acronym) values(250,'m-Matollar','m');
insert into especies (id,nom,acronym) values(272,'p-Pastura','p');
insert into especies (id,nom,acronym) values(284,'r-Roquissar','r');
insert into especies (id,nom,acronym) values(296,'c-Conreu','c');
insert into especies (id,nom,acronym) values(298,'u-Edificacions, equipaments i serveis','u');
insert into unitat(id,nom) values(1,'m3/ha');
insert into unitat(id,nom) values(2,'t/ha');
insert into unitat(id,nom) values(3,'-');
insert into unitat(id,nom) values(4,'peus/ha');

insert into vulnerabilitat (id,nom) values(0,'-');
insert into vulnerabilitat (id,nom) values(1,'Alta');
insert into vulnerabilitat (id,nom) values(2,'Moderada');
insert into vulnerabilitat (id,nom) values(3,'Baixa');

insert into tipus_inventari (id,nom,acronym) values(1,'Dasomètric','G');
insert into tipus_inventari (id,nom,acronym) values(2,'Pericial','P');
insert into tipus_inventari (id,nom,acronym) values(3,'Descriptiu','D');

insert into tipus_estrutura_massa (id,nom) values(0,'-');
insert into tipus_estrutura_massa (id,nom) values(1,'Coetània');
insert into tipus_estrutura_massa (id,nom) values(2,'Regular');
insert into tipus_estrutura_massa (id,nom) values(3,'SemiRegular');
insert into tipus_estrutura_massa (id,nom) values(4,'Irregular');

insert into qualitat_estacio (id,nom) values(0,'-');
insert into qualitat_estacio (id,nom) values(1,'Alta');
insert into qualitat_estacio (id,nom) values(2,'Mitjana');
insert into qualitat_estacio (id,nom) values(3,'Baixa');

drop view if exists area;

create view area as
select row_number() over() as id,pla_id, codi as name, class, geometry from
(
select pla_id,num_rodal as codi,'Rodals' as class, geometry from rodal
where geometry is not null
union
select pla_id,codi,'Xarxa Nova Construció' as class, geometry from xarxa_nova_construccio
where geometry is not null
union
select pla_id,codi,'Xarxa Viaria Existent' as class, st_buffer(geometry, 0.00001) as geometry from xarxa_viaria_existent
where geometry is not null
union
select pla_id,codi,'Lineas Desensa Punts Aigua' as class, st_buffer(geometry, 0.00001) as geometry from lineas_defensa_punts_aigua
where geometry is not null
union
select pla_id,codi,'Canvi Us' as class, geometry from canvi_us
where geometry is not null
) a;

drop view if exists inventari_cd_grup;

create view inventari_cd_grup as
select row_number() OVER () AS id, c.nom as pla,b.num_rodal,a.c_d,sum(a.npeus) as npeus, sum(a_b) as a_b
from inventari_cd a
inner join rodal b
on a.rodal_id  = b.id
inner join pla c
on b.pla_id = c.id
group by c.nom,b.num_rodal ,c_d
order by c.nom, b.num_rodal, a.c_d;

drop view if exists actuacions;

CREATE VIEW public.actuacions
AS
SELECT a.id, b.pla_id,
    a.id as actuacio_id,
    b.num_rodal,
    d.nom AS actuacion,
    a.area_afectada,
    b.geometry,
    any_o_periodicitat
   --string_agg(DISTINCT aa.any_programat::character varying::text, ','::text) AS any_programats
   FROM actuacions_del_pla a
     JOIN rodal b ON a.rodal_id = b.id
     JOIN llistat_actuacions d ON a.actuacio_id = d.id
     JOIN any_actuacio aa ON aa.actuacions_del_pla_id = a.id
  GROUP BY b.pla_id,a.id, b.num_rodal, d.nom, a.area_afectada, b.geometry, any_o_periodicitat
  ORDER BY b.num_rodal, d.nom;
